module,GO_BP_ID
K1_cpdb_1,'GO:0030198'
K1_cpdb_5,'GO:0001582'
K1_cpdb_6,'GO:0016339'
K1_cpdb_11,'GO:0070098'
K1_cpdb_15,'GO:0033141'
K1_cpdb_19,'GO:0052695'
K1_cpdb_22,'GO:0140053'
K1_cpdb_23,'GO:0035567'
K1_cpdb_24,'GO:0090174'
K1_cpdb_25,'GO:0099022'
K1_cpdb_27,'GO:0035720'
K1_cpdb_28,'GO:0019646'
K1_cpdb_29,'GO:0006506'
K1_cpdb_30,'GO:0060261'
K1_cpdb_31,'GO:0071805'
K1_cpdb_34,'GO:0032543'
K1_cpdb_37,'GO:0030509'
K1_cpdb_39,'GO:0002484'
K1_cpdb_41,'GO:0090092'
K1_cpdb_42,'GO:0043038'
K1_cpdb_43,'GO:0008543'
K1_cpdb_46,'GO:0071805'
K1_cpdb_47,'GO:1990840'
K1_cpdb_49,'GO:0030574'
K1_cpdb_50,'GO:0140053'
K1_cpdb_51,'GO:0007210'
K1_cpdb_53,'GO:0007608'
K1_cpdb_56,'GO:0002224'
K1_cpdb_57,'GO:0007264'
K1_cpdb_58,'GO:0045109'
K1_cpdb_59,'GO:0033141'
K1_cpdb_61,'GO:0035249'
K1_cpdb_62,'GO:0007186'
K1_cpdb_74,'GO:0000301'
K1_cpdb_75,'GO:0061640'
K1_cpdb_76,'GO:0031145'
K1_cpdb_77,'GO:0034315'
K1_cpdb_78,'GO:0016072'
K1_cpdb_82,'GO:0048490'
K1_cpdb_83,'GO:0000301'
K1_cpdb_85,'GO:0051169'
K1_cpdb_86,'GO:0016180'
K1_cpdb_91,'GO:0001732'
K1_cpdb_93,'GO:1904851'
K1_cpdb_94,'GO:0019083'
K1_cpdb_124,'GO:0007565'
K1_cpdb_131,'GO:0007601'
K1_cpdb_135,'GO:0007186'
K1_cpdb_158,'GO:0036297'
K1_cpdb_173,'GO:0008608'
K1_cpdb_175,'GO:0034058'
K1_cpdb_181,'GO:1904903'
K1_cpdb_191,'GO:0016071'
K1_cpdb_211,'GO:0070782'
K1_cpdb_219,'GO:2001030'
K1_cpdb_230,'GO:0016338'
K1_cpdb_245,'GO:0006402'
K1_cpdb_246,'GO:0000289'
K1_cpdb_248,'GO:0050731'
K1_cpdb_251,'GO:0007214'
K1_cpdb_276,'GO:0090522'
K1_cpdb_277,'GO:0043001'
K1_cpdb_281,'GO:0014003'
K1_cpdb_286,'GO:0006891'
K1_cpdb_291,'GO:0071577'
K1_cpdb_300,'GO:0035721'
K1_cpdb_310,'GO:1905168'
K1_cpdb_322,'GO:0007596'
K1_cpdb_327,'GO:0007186'
K1_cpdb_328,'GO:0007188'
K1_cpdb_348,'GO:1901663'
K1_cpdb_350,'GO:0090156'
K1_cpdb_367,'GO:0090110'
K1_cpdb_368,'GO:0035654'
K1_cpdb_373,'GO:0006412'
K1_cpdb_374,'GO:0051276'
K1_cpdb_378,'GO:0010880'
K1_cpdb_388,'GO:0034198'
K1_cpdb_398,'GO:0160023'
K1_cpdb_401,'GO:0008610'
K1_cpdb_402,'GO:0006820'
K1_cpdb_409,'GO:0001682'
K1_cpdb_415,'GO:0031146'
K1_cpdb_425,'GO:0051480'
K1_cpdb_428,'GO:0031163'
K1_cpdb_437,'GO:0030071'
K1_cpdb_440,'GO:0042254'
K1_cpdb_442,'GO:0072384'
K1_cpdb_444,'GO:0006893'
K1_cpdb_445,'GO:0110010'
K1_cpdb_448,'GO:0006119'
K1_cpdb_449,'GO:0007007'
K1_cpdb_452,'GO:0006913'
K1_cpdb_453,'GO:0043687'
K1_cpdb_454,'GO:1902175'
K1_cpdb_474,'GO:0019752'
K1_cpdb_478,'GO:0006805'
K1_cpdb_483,'GO:0051917'
K1_cpdb_484,'GO:0030198'
K1_cpdb_497,'GO:0051123'
K1_cpdb_499,'GO:0032720'
K1_cpdb_502,'GO:0010273'
K1_cpdb_503,'GO:0000045'
K1_cpdb_504,'GO:0016054'
K1_cpdb_505,'GO:1990542'
K1_cpdb_508,'GO:0009100'
K1_cpdb_509,'GO:1901137'
K1_cpdb_519,'GO:0031109'
K1_cpdb_523,'GO:0030049'
K1_cpdb_524,'GO:0035542'
K1_cpdb_525,'GO:0016197'
K1_cpdb_526,'GO:0006457'
K1_cpdb_527,'GO:0042147'
K1_cpdb_528,'GO:0007035'
K1_cpdb_532,'GO:0031346'
K1_cpdb_533,'GO:0048013'
K1_cpdb_537,'GO:0030177'
K1_cpdb_548,'GO:1902455'
K1_cpdb_549,'GO:0000122'
K1_cpdb_550,'GO:2000819'
K1_cpdb_551,'GO:0009753'
K1_cpdb_574,'GO:0000045'
K1_cpdb_582,'GO:0044782'
K1_cpdb_583,'GO:0007098'
K1_cpdb_587,'GO:0018149'
K1_cpdb_588,'GO:0009116'
K1_cpdb_596,'GO:0006897'
K1_cpdb_598,'GO:0051169'
K1_cpdb_600,'GO:0007229'
K1_cpdb_622,'GO:0042254'
K1_cpdb_623,'GO:0042254'
K1_cpdb_629,'GO:0070972'
K1_cpdb_630,'GO:1903513'
K1_cpdb_635,'GO:0044770'
K1_cpdb_636,'GO:0045860'
K1_cpdb_645,'GO:0016197'
K1_cpdb_660,'GO:0006338'
K1_cpdb_661,'GO:0009124'
K1_cpdb_662,'GO:0019362'
K1_cpdb_664,'GO:0050914'
K1_cpdb_666,'GO:0007189'
K1_cpdb_667,'GO:0010903'
K1_cpdb_668,'GO:0000375'
K1_cpdb_669,'GO:0007015'
K1_cpdb_677,'GO:0038130'
K1_cpdb_678,'GO:0001836'
K1_cpdb_679,'GO:0045197'
K1_cpdb_686,'GO:0003018'
K1_cpdb_687,'GO:0009100'
K1_cpdb_688,'GO:0006479'
K1_cpdb_698,'GO:0006338'
K1_cpdb_699,'GO:0006325'
K1_cpdb_708,'GO:0000375'
K1_cpdb_717,'GO:0007169'
K1_cpdb_718,'GO:0007169'
K1_cpdb_719,'GO:0051492'
K1_cpdb_720,'GO:0018105'
K1_cpdb_721,'GO:0008637'
K1_cpdb_743,'GO:0140467'
K1_cpdb_745,'GO:1903522'
K1_cpdb_747,'GO:0032465'
K1_cpdb_751,'GO:0042490'
K1_cpdb_754,'GO:0006046'
K1_cpdb_756,'GO:0043122'
K1_cpdb_758,'GO:0010460'
K1_cpdb_759,'GO:0006816'
K1_cpdb_760,'GO:0072378'
K1_cpdb_767,'GO:0009755'
K1_cpdb_769,'GO:1901379'
K1_cpdb_780,'GO:0055086'
K1_cpdb_781,'GO:0016567'
K1_cpdb_786,'GO:0006406'
K1_cpdb_787,'GO:0008380'
K1_cpdb_788,'GO:0007264'
K1_cpdb_789,'GO:0006897'
K1_cpdb_797,'GO:0010458'
K1_cpdb_801,'GO:1903532'
K1_cpdb_804,'GO:0098609'
K1_cpdb_807,'GO:0019731'
K1_cpdb_811,'GO:0072583'
K1_cpdb_812,'GO:0140467'
K1_cpdb_813,'GO:0045666'
K1_cpdb_814,'GO:0048568'
K1_cpdb_823,'GO:0070647'
K1_cpdb_824,'GO:0070647'
K1_cpdb_826,'GO:0097006'
K1_cpdb_827,'GO:0007169'
K1_cpdb_829,'GO:0001843'
K1_cpdb_831,'GO:0030036'
K1_cpdb_832,'GO:0032922'
K1_cpdb_839,'GO:0043473'
K1_cpdb_844,'GO:0034314'
K1_cpdb_845,'GO:0006473'
K1_cpdb_846,'GO:0016925'
K1_cpdb_848,'GO:0006298'
K1_cpdb_856,'GO:0030835'
K1_cpdb_857,'GO:0030029'
K1_cpdb_858,'GO:0006281'
K1_cpdb_859,'GO:0006261'
K1_cpdb_860,'GO:0006270'
K1_cpdb_866,'GO:0097646'
K1_cpdb_871,'GO:0140588'
K1_cpdb_874,'GO:0006511'
K1_cpdb_881,'GO:0006281'
K1_cpdb_882,'GO:0007131'
K1_cpdb_883,'GO:0032446'
K1_cpdb_891,'GO:0034035'
K1_humanbase_13,'GO:0007565'
K1_humanbase_14,'GO:0010901'
K1_humanbase_22,'GO:0015671'
K1_humanbase_29,'GO:0035725'
K1_humanbase_43,'GO:0001539'
K1_humanbase_50,'GO:0045104'
K1_humanbase_71,'GO:0090329'
K1_humanbase_83,'GO:1903047'
K1_humanbase_91,'GO:0002181'
K1_humanbase_99,'GO:0051607'
K1_humanbase_100,'GO:0051607'
K1_humanbase_122,'GO:0045954'
K1_humanbase_145,'GO:0043001'
K1_humanbase_146,'GO:0048193'
K1_humanbase_149,'GO:0110061'
K1_humanbase_163,'GO:0000280'
K1_humanbase_164,'GO:1903047'
K1_humanbase_173,'GO:0002717'
K1_humanbase_182,'GO:0044248'
K1_humanbase_183,'GO:0002697'
K1_humanbase_185,'GO:0006888'
K1_humanbase_192,'GO:0015986'
K1_humanbase_193,'GO:0006119'
K1_humanbase_196,'GO:1990868'
K1_humanbase_206,'GO:0140053'
K1_humanbase_212,'GO:1905523'
K1_humanbase_215,'GO:0031424'
K1_humanbase_218,'GO:0019362'
K1_humanbase_224,'GO:0000398'
K1_humanbase_225,'GO:0000398'
K1_humanbase_226,'GO:0036261'
K1_humanbase_233,'GO:0031347'
K1_humanbase_255,'GO:0006954'
K1_humanbase_256,'GO:0002753'
K1_humanbase_261,'GO:0035459'
K1_humanbase_268,'GO:0045321'
K1_humanbase_280,'GO:0045321'
K1_humanbase_281,'GO:0050778'
K1_humanbase_303,'GO:0048813'
K1_humanbase_308,'GO:0030334'
K1_humanbase_310,'GO:0046514'
K1_humanbase_311,'GO:0042254'
K1_humanbase_312,'GO:0140053'
K1_humanbase_313,'GO:0045109'
K1_humanbase_314,'GO:0034329'
K1_humanbase_322,'GO:0009060'
K1_humanbase_323,'GO:0019646'
K1_humanbase_329,'GO:0030198'
K1_humanbase_330,'GO:0030198'
K1_humanbase_331,'GO:0030198'
K1_humanbase_332,'GO:0072359'
K1_humanbase_333,'GO:0002429'
K1_humanbase_334,'GO:0050851'
K1_humanbase_343,'GO:0016071'
K1_humanbase_344,'GO:0051052'
K1_humanbase_348,'GO:0032543'
K1_humanbase_349,'GO:0009060'
K1_humanbase_350,'GO:0006954'
K1_humanbase_351,'GO:0002366'
K1_humanbase_353,'GO:0048660'
K1_humanbase_361,'GO:0072359'
K1_humanbase_363,'GO:0010608'
K1_humanbase_364,'GO:0042254'
K1_humanbase_377,'GO:0030029'
K1_humanbase_378,'GO:0000959'
K1_humanbase_379,'GO:0006399'
K1_humanbase_380,'GO:0006399'
K1_humanbase_381,'GO:0008033'
K1_humanbase_394,'GO:0042254'
K1_humanbase_406,'GO:0022618'
K1_humanbase_407,'GO:0016072'
K1_humanbase_413,'GO:0060213'
K1_humanbase_416,'GO:0032968'
K1_humanbase_432,'GO:0022613'
K1_humanbase_441,'GO:0060595'
K1_humanbase_447,'GO:0007507'
K1_humanbase_477,'GO:0000430'
K1_humanbase_495,'GO:0010273'
K1_humanbase_502,'GO:0006282'
K1_humanbase_521,'GO:0016197'
K1_humanbase_531,'GO:0050778'
K1_humanbase_532,'GO:0045321'
K1_humanbase_560,'GO:0009952'
K1_humanbase_602,'GO:0007409'
K1_string_1,'GO:0002181'
K1_string_2,'GO:0030322'
K1_string_5,'GO:0016180'
K1_string_8,'GO:0052695'
K1_string_9,'GO:0060271'
K1_string_10,'GO:0006821'
K1_string_11,'GO:0016338'
K1_string_12,'GO:0006749'
K1_string_13,'GO:0032438'
K1_string_14,'GO:0035249'
K1_string_17,'GO:0006639'
K1_string_18,'GO:0032981'
K1_string_19,'GO:0006493'
K1_string_20,'GO:0016339'
K1_string_21,'GO:0034369'
K1_string_22,'GO:0061577'
K1_string_23,'GO:0035567'
K1_string_24,'GO:0042775'
K1_string_25,'GO:0016339'
K1_string_28,'GO:0042274'
K1_string_29,'GO:0042355'
K1_string_31,'GO:1903232'
K1_string_32,'GO:0009952'
K1_string_33,'GO:0036376'
K1_string_34,'GO:0060261'
K1_string_35,'GO:0046470'
K1_string_36,'GO:0007035'
K1_string_37,'GO:0007271'
K1_string_38,'GO:0097696'
K1_string_39,'GO:0030198'
K1_string_41,'GO:0032543'
K1_string_43,'GO:1901292'
K1_string_44,'GO:0042073'
K1_string_45,'GO:0090114'
K1_string_46,'GO:0008202'
K1_string_47,'GO:0070098'
K1_string_48,'GO:0046488'
K1_string_49,'GO:0007606'
K1_string_50,'GO:0007030'
K1_string_51,'GO:0007186'
K1_string_52,'GO:0007178'
K1_string_53,'GO:0090174'
K1_string_54,'GO:0019882'
K1_string_55,'GO:0048193'
K1_string_56,'GO:0008544'
K1_string_57,'GO:0008543'
K1_string_58,'GO:0071526'
K1_string_59,'GO:0071805'
K1_string_60,'GO:0007229'
K1_string_62,'GO:0031145'
K1_string_64,'GO:0098703'
K1_string_65,'GO:0007059'
K1_string_66,'GO:0042273'
K1_string_67,'GO:0052652'
K1_string_68,'GO:0006936'
K1_string_69,'GO:0003009'
K1_string_70,'GO:0007219'
K1_string_71,'GO:0032237'
K1_string_72,'GO:0007189'
K1_string_73,'GO:0099643'
K1_string_78,'GO:0015867'
K1_string_79,'GO:0030322'
K1_string_85,'GO:0019221'
K1_string_89,'GO:0017185'
K1_string_98,'GO:0061640'
K1_string_101,'GO:0016567'
K1_string_103,'GO:0050911'
K1_string_107,'GO:0006397'
K1_string_115,'GO:0044772'
K1_string_118,'GO:0006607'
K1_string_121,'GO:0035269'
K1_string_124,'GO:0045050'
K1_string_127,'GO:0090156'
K1_string_134,'GO:0035338'
K1_string_139,'GO:0015804'
K1_string_141,'GO:0006383'
K1_string_143,'GO:0006406'
K1_string_144,'GO:0006913'
K1_string_146,'GO:0006334'
K1_string_148,'GO:0098813'
K1_string_149,'GO:0140588'
K1_string_150,'GO:0003341'
K1_string_153,'GO:0006282'
K1_string_155,'GO:0016567'
K1_string_156,'GO:0032446'
K1_string_157,'GO:0007631'
K1_string_159,'GO:0030201'
K1_string_163,'GO:0006956'
K1_string_164,'GO:0036297'
K1_string_166,'GO:0000375'
K1_string_167,'GO:0000398'
K1_string_168,'GO:0016072'
K1_string_170,'GO:0000375'
K1_string_172,'GO:0046777'
K1_string_173,'GO:0048013'
K1_string_174,'GO:0031669'
K1_string_175,'GO:0006474'
K1_string_176,'GO:0042744'
K1_string_177,'GO:0006457'
K1_string_178,'GO:0019941'
K1_string_179,'GO:0010927'
K1_string_180,'GO:0007186'
K1_string_181,'GO:0007188'
K1_string_182,'GO:0097250'
K1_string_183,'GO:0007007'
K1_string_184,'GO:0007597'
K1_string_185,'GO:0099560'
K1_string_186,'GO:0008202'
K1_string_187,'GO:0044283'
K1_string_188,'GO:0036503'
K1_string_189,'GO:0043162'
K1_string_190,'GO:0006511'
K1_string_191,'GO:0007043'
K1_string_192,'GO:0007268'
K1_string_193,'GO:0003254'
K1_string_194,'GO:0007411'
K1_string_199,'GO:0007339'
K1_string_203,'GO:1902895'
K1_string_204,'GO:0070269'
K1_string_205,'GO:0051904'
K1_string_206,'GO:0051403'
K1_string_223,'GO:0010968'
K1_string_228,'GO:1904851'
K1_string_229,'GO:0042026'
K1_string_230,'GO:0031146'
K1_string_232,'GO:1904262'
K1_string_243,'GO:0071230'
K1_string_254,'GO:0042795'
K1_string_257,'GO:0000226'
K1_string_258,'GO:1905168'
K1_string_259,'GO:0006338'
K1_string_261,'GO:0060326'
K1_string_262,'GO:0006956'
K1_string_267,'GO:0007565'
K1_string_268,'GO:0006270'
K1_string_269,'GO:0007264'
K1_string_270,'GO:0007264'
K1_string_271,'GO:0000289'
K1_string_272,'GO:0045321'
K1_string_273,'GO:0007259'
K1_string_274,'GO:0005979'
K1_string_275,'GO:0006487'
K1_string_276,'GO:0000959'
K1_string_277,'GO:0030029'
K1_string_279,'GO:0046395'
K1_string_280,'GO:0006635'
K1_string_281,'GO:0042989'
K1_string_282,'GO:0015908'
K1_string_285,'GO:0006816'
K1_string_290,'GO:0035459'
K1_string_296,'GO:0034446'
K1_string_297,'GO:0046854'
K1_string_298,'GO:0006388'
K1_string_300,'GO:0006515'
K1_string_306,'GO:0042832'
K1_string_307,'GO:0006376'
K1_string_318,'GO:0018208'
K1_string_321,'GO:0001711'
K1_string_325,'GO:0021914'
K1_string_326,'GO:0015908'
K1_string_328,'GO:0006665'
K1_string_331,'GO:0034315'
K1_string_333,'GO:0042554'
K1_string_338,'GO:0051697'
K1_string_342,'GO:0006354'
K1_string_343,'GO:0006367'
K1_string_345,'GO:0016197'
K1_string_346,'GO:0090522'
K1_string_347,'GO:0007018'
K1_string_348,'GO:0007018'
K1_string_349,'GO:0001582'
K1_string_356,'GO:0006303'
K1_string_357,'GO:1905706'
K1_string_359,'GO:1905949'
K1_string_361,'GO:0006470'
K1_string_362,'GO:0006325'
K1_string_363,'GO:0030036'
K1_string_364,'GO:0006626'
K1_string_365,'GO:0006081'
K1_string_367,'GO:0032446'
K1_string_368,'GO:0070647'
K1_string_369,'GO:0036258'
K1_string_374,'GO:0051923'
K1_string_375,'GO:0006821'
K1_string_376,'GO:0006325'
K1_string_379,'GO:0141193'
K1_string_380,'GO:0070424'
K1_string_390,'GO:0006003'
K1_string_391,'GO:0090263'
K1_string_393,'GO:0005980'
K1_string_396,'GO:0046391'
K1_string_398,'GO:1905907'
K1_string_403,'GO:0006607'
K1_string_404,'GO:0000338'
K1_string_405,'GO:0051315'
K1_string_407,'GO:0044772'
K1_string_408,'GO:0044571'
K1_string_409,'GO:0042147'
K1_string_410,'GO:0046456'
K1_string_411,'GO:0006833'
K1_string_412,'GO:0036444'
K1_string_413,'GO:0006465'
K1_string_415,'GO:0046520'
K1_string_416,'GO:0002028'
K1_string_419,'GO:0007220'
K1_string_423,'GO:0000045'
K1_string_427,'GO:0001708'
K1_string_428,'GO:0048665'
K1_string_429,'GO:0007423'
K1_string_430,'GO:0002031'
K1_string_433,'GO:1901318'
K1_string_435,'GO:0006310'
K1_string_436,'GO:0006281'
K1_string_438,'GO:0007169'
K1_string_439,'GO:0032376'
K1_string_440,'GO:0008033'
K1_string_441,'GO:0030036'
K1_string_442,'GO:2000601'
K1_string_443,'GO:0006099'
K1_string_452,'GO:0042659'
K1_string_454,'GO:0043011'
K1_string_455,'GO:0008625'
K1_string_456,'GO:0007264'
K1_string_457,'GO:0097320'
K1_string_465,'GO:0140639'
K1_string_468,'GO:0031023'
K1_string_472,'GO:0045109'
K1_string_473,'GO:0016973'
K1_string_475,'GO:0006457'
K1_string_482,'GO:0006874'
K1_string_484,'GO:0001581'
K1_string_486,'GO:0016255'
K1_string_487,'GO:0046942'
K1_string_488,'GO:0140157'
K1_string_490,'GO:0045053'
K1_string_491,'GO:0035459'
K1_string_493,'GO:0071786'
K1_string_495,'GO:0007186'
K1_string_496,'GO:0007186'
K1_string_497,'GO:0034116'
K1_string_498,'GO:0051673'
K1_string_501,'GO:0006382'
K1_string_503,'GO:0006627'
K1_string_504,'GO:0009451'
K1_string_505,'GO:0030488'
K1_string_508,'GO:0097752'
K1_string_509,'GO:0045197'
K1_string_514,'GO:2000819'
K1_string_515,'GO:0000122'
K1_string_517,'GO:0002221'
K1_string_518,'GO:0007249'
K1_string_523,'GO:0033387'
K1_string_525,'GO:0045109'
K1_string_526,'GO:0046854'
K1_string_527,'GO:0001836'
K1_string_535,'GO:0030388'
K1_string_544,'GO:0043171'
K1_string_547,'GO:0030497'
K1_string_548,'GO:0033619'
K1_string_549,'GO:0006699'
K1_string_550,'GO:0071716'
K1_string_551,'GO:0030198'
K1_string_556,'GO:0002431'
K1_string_557,'GO:0007169'
K1_string_558,'GO:0006457'
K1_string_562,'GO:0051056'
K1_string_566,'GO:0015793'
K1_string_567,'GO:0000122'
K1_string_568,'GO:0140467'
K1_string_570,'GO:0031929'
K1_string_572,'GO:0031929'
K1_string_580,'GO:0016226'
K1_string_581,'GO:0043484'
K1_string_582,'GO:0043484'
K1_string_585,'GO:0031146'
K1_string_596,'GO:0034975'
K1_string_597,'GO:0030198'
K1_string_598,'GO:0030574'
K1_string_599,'GO:0001867'
K1_string_601,'GO:0033089'
K1_string_602,'GO:0034587'
K1_string_603,'GO:0043038'
K1_string_604,'GO:1901663'
K1_string_607,'GO:0048666'
K1_string_608,'GO:0034220'
K1_string_609,'GO:0050850'
K1_string_612,'GO:0006670'
K1_string_614,'GO:0000122'
K1_string_615,'GO:0060828'
K1_string_619,'GO:0034315'
K1_string_624,'GO:0002949'
K1_string_631,'GO:0006032'
K1_string_633,'GO:0032238'
K1_string_634,'GO:0051453'
K1_string_635,'GO:0006888'
K1_string_638,'GO:0034381'
K1_string_639,'GO:0006956'
K1_string_640,'GO:0031638'
K1_string_641,'GO:0043488'
K1_string_643,'GO:0006119'
K1_string_644,'GO:0006101'
K1_string_645,'GO:0016567'
K1_string_646,'GO:0016579'
K1_string_650,'GO:0046512'
K1_string_651,'GO:0006325'
K1_string_652,'GO:0006325'
K1_string_654,'GO:0046777'
K1_string_655,'GO:0007015'
K1_string_658,'GO:0045109'
K1_string_659,'GO:0007018'
K1_string_661,'GO:0070304'
K1_string_664,'GO:0055086'
K1_string_665,'GO:0045454'
K1_string_666,'GO:0055129'
K1_string_667,'GO:0097428'
K1_string_668,'GO:1902475'
K1_string_669,'GO:1990034'
K1_string_672,'GO:0002084'
K1_string_673,'GO:0044804'
K1_string_674,'GO:0090141'
K1_string_677,'GO:0010608'
K1_string_678,'GO:0043484'
K1_string_680,'GO:0017004'
K1_string_681,'GO:0006839'
K1_string_682,'GO:0046835'
K1_string_687,'GO:1902893'
K1_string_688,'GO:0044351'
K1_string_689,'GO:1902857'
K1_string_693,'GO:0008380'
K1_string_697,'GO:0006281'
K1_string_698,'GO:0071174'
K1_string_700,'GO:0015701'
K1_string_701,'GO:0032511'
K1_string_704,'GO:0015914'
K1_string_705,'GO:0006892'
K1_string_706,'GO:0045055'
K1_string_707,'GO:0036503'
K1_string_714,'GO:0036159'
K1_string_716,'GO:0038061'
K1_string_722,'GO:0031424'
K1_string_723,'GO:0006402'
K1_string_724,'GO:0043436'
K1_string_725,'GO:0009263'
K1_string_726,'GO:0051169'
K1_string_730,'GO:0046902'
K1_string_731,'GO:0009298'
K1_string_732,'GO:0050747'
K1_string_735,'GO:0006599'
K1_string_736,'GO:0030206'
K1_string_739,'GO:0000122'
K1_string_740,'GO:0071391'
K1_string_745,'GO:0044782'
K1_string_747,'GO:0015755'
K1_string_749,'GO:0032446'
K1_string_752,'GO:0006325'
K1_string_753,'GO:0015012'
K1_string_757,'GO:1901137'
K1_string_758,'GO:0009100'
K1_string_763,'GO:0006096'
K1_string_766,'GO:1904262'
K1_string_771,'GO:0009101'
K1_string_772,'GO:0055064'
K1_string_774,'GO:0046942'
K1_string_778,'GO:0019752'
K1_string_788,'GO:0099587'
K1_string_791,'GO:0006400'
K1_string_792,'GO:0006046'
K1_string_795,'GO:0006688'
K1_string_798,'GO:0010273'
K1_string_801,'GO:0061919'
K1_string_802,'GO:0010466'
K1_string_803,'GO:1903034'
K1_string_804,'GO:0051918'
K1_string_805,'GO:0008037'
K1_string_807,'GO:0006506'
K1_string_808,'GO:0062196'
K1_string_811,'GO:0061919'
K1_string_812,'GO:0051016'
K1_string_816,'GO:0050995'
K1_string_818,'GO:0060314'
K1_string_819,'GO:0006098'
K1_string_820,'GO:0043648'
K1_string_822,'GO:0015012'
K1_string_823,'GO:0006506'
K1_string_825,'GO:0031113'
K1_string_826,'GO:0045109'
K1_string_827,'GO:0015711'
K1_string_828,'GO:0002088'
K1_string_830,'GO:0050974'
K1_string_832,'GO:0062111'
K1_string_835,'GO:0060167'
K1_string_836,'GO:0009100'
K1_string_837,'GO:0046942'
K1_string_839,'GO:0016338'
K1_string_848,'GO:0030166'
K1_string_849,'GO:0010524'
K1_string_850,'GO:0002486'
K1_string_851,'GO:1990349'
K1_string_855,'GO:0015862'
K1_string_861,'GO:0060271'
K1_string_862,'GO:0006688'
M1_cpdb_1,'GO:0140053'
M1_cpdb_3,'GO:0007200'
M1_cpdb_4,'GO:0030509'
M1_cpdb_6,'GO:0009060'
M1_cpdb_7,'GO:0009755'
M1_cpdb_8,'GO:0042730'
M1_cpdb_9,'GO:0016567'
M1_cpdb_10,'GO:0000122'
M1_cpdb_11,'GO:0000045'
M1_cpdb_12,'GO:0018149'
M1_cpdb_14,'GO:0030203'
M1_cpdb_15,'GO:0002224'
M1_cpdb_16,'GO:0140467'
M1_cpdb_17,'GO:1905168'
M1_cpdb_19,'GO:0007264'
M1_cpdb_20,'GO:0000375'
M1_cpdb_21,'GO:0030036'
M1_cpdb_22,'GO:0007186'
M1_cpdb_23,'GO:0006887'
M1_cpdb_24,'GO:1902893'
M1_cpdb_26,'GO:0006486'
M1_cpdb_27,'GO:0007098'
M1_cpdb_29,'GO:0120192'
M1_cpdb_31,'GO:0032543'
M1_cpdb_32,'GO:0090522'
M1_cpdb_33,'GO:0007007'
M1_cpdb_34,'GO:0006556'
M1_cpdb_35,'GO:0016197'
M1_cpdb_36,'GO:0032438'
M1_cpdb_37,'GO:0030970'
M1_cpdb_39,'GO:0036297'
M1_cpdb_40,'GO:0016055'
M1_cpdb_41,'GO:0043101'
M1_cpdb_42,'GO:0061014'
M1_cpdb_43,'GO:0007059'
M1_cpdb_44,'GO:0071786'
M1_cpdb_46,'GO:0090174'
M1_cpdb_47,'GO:0034475'
M1_cpdb_48,'GO:0070098'
M1_cpdb_49,'GO:0001508'
M1_cpdb_50,'GO:0042273'
M1_cpdb_51,'GO:0002181'
M1_cpdb_52,'GO:0006487'
M1_cpdb_53,'GO:0045109'
M1_cpdb_54,'GO:0046942'
M1_cpdb_55,'GO:1904903'
M1_cpdb_56,'GO:0008380'
M1_cpdb_57,'GO:0007169'
M1_cpdb_58,'GO:0030198'
M1_cpdb_61,'GO:0001836'
M1_cpdb_63,'GO:0048598'
M1_cpdb_64,'GO:0032651'
M1_cpdb_66,'GO:0006383'
M1_cpdb_67,'GO:0030198'
M1_cpdb_69,'GO:0006816'
M1_cpdb_70,'GO:0016180'
M1_cpdb_73,'GO:1990806'
M1_cpdb_74,'GO:0002475'
M1_cpdb_75,'GO:0034369'
M1_cpdb_76,'GO:0030198'
M1_cpdb_77,'GO:0006260'
M1_cpdb_78,'GO:0001932'
M1_cpdb_79,'GO:0019221'
M1_cpdb_80,'GO:0006470'
M1_cpdb_81,'GO:0060261'
M1_cpdb_82,'GO:0048490'
M1_cpdb_83,'GO:0007389'
M1_cpdb_86,'GO:0150104'
M1_cpdb_88,'GO:0006888'
M1_cpdb_89,'GO:0035249'
M1_cpdb_90,'GO:0000723'
M1_cpdb_91,'GO:0006509'
M1_cpdb_92,'GO:0007188'
M1_cpdb_94,'GO:0034243'
M1_cpdb_95,'GO:0006956'
M1_cpdb_96,'GO:0099022'
M1_cpdb_98,'GO:0015819'
M1_cpdb_100,'GO:0098609'
M1_cpdb_101,'GO:0036503'
M1_cpdb_102,'GO:0006606'
M1_cpdb_103,'GO:0098656'
M1_cpdb_104,'GO:1902455'
M1_cpdb_105,'GO:1903432'
M1_cpdb_107,'GO:0035654'
M1_cpdb_108,'GO:0006364'
M1_cpdb_109,'GO:0051403'
M1_cpdb_110,'GO:0051103'
M1_cpdb_111,'GO:0071805'
M1_cpdb_112,'GO:0005977'
M1_cpdb_113,'GO:0046391'
M1_cpdb_115,'GO:0032446'
M1_cpdb_116,'GO:0030574'
M1_cpdb_117,'GO:0008655'
M1_cpdb_119,'GO:0007217'
M1_cpdb_120,'GO:1904357'
M1_cpdb_121,'GO:0006418'
M1_cpdb_122,'GO:0006744'
M1_cpdb_123,'GO:0042531'
M1_cpdb_125,'GO:0033141'
M1_cpdb_128,'GO:0008380'
M1_cpdb_129,'GO:1904851'
M1_cpdb_132,'GO:0007411'
M1_cpdb_134,'GO:0007015'
M1_cpdb_136,'GO:0034063'
M1_cpdb_137,'GO:0042659'
M1_cpdb_138,'GO:0008154'
M1_cpdb_139,'GO:0001867'
M1_cpdb_140,'GO:0042744'
M1_cpdb_141,'GO:0035493'
M1_cpdb_142,'GO:0038180'
M1_cpdb_144,'GO:0051459'
M1_cpdb_146,'GO:0140588'
M1_cpdb_148,'GO:0043574'
M1_cpdb_149,'GO:0035721'
M1_cpdb_150,'GO:0072383'
M1_cpdb_153,'GO:0007169'
M1_cpdb_158,'GO:0007265'
M1_cpdb_159,'GO:0047497'
M1_cpdb_160,'GO:0051904'
M1_cpdb_161,'GO:0046634'
M1_cpdb_162,'GO:0097237'
M1_cpdb_163,'GO:0006099'
M1_cpdb_165,'GO:0051123'
M1_cpdb_166,'GO:0007264'
M1_cpdb_167,'GO:0007631'
M1_cpdb_168,'GO:0007189'
M1_cpdb_169,'GO:0034227'
M1_cpdb_170,'GO:0007605'
M1_cpdb_171,'GO:0008380'
M1_cpdb_172,'GO:0006493'
M1_cpdb_173,'GO:0048483'
M1_cpdb_174,'GO:0071526'
M1_cpdb_177,'GO:0043122'
M1_cpdb_178,'GO:0010257'
M1_cpdb_179,'GO:0005996'
M1_cpdb_181,'GO:0016255'
M1_cpdb_186,'GO:0007565'
M1_cpdb_188,'GO:0030150'
M1_cpdb_189,'GO:0007507'
M1_cpdb_190,'GO:0045730'
M1_cpdb_191,'GO:0070918'
M1_cpdb_192,'GO:0042276'
M1_cpdb_193,'GO:0140639'
M1_cpdb_195,'GO:0046835'
M1_cpdb_198,'GO:0019395'
M1_cpdb_199,'GO:0097720'
M1_cpdb_200,'GO:0045103'
M1_cpdb_201,'GO:0031145'
M1_cpdb_203,'GO:0006506'
M1_cpdb_205,'GO:0051169'
M1_cpdb_206,'GO:0098662'
M1_cpdb_210,'GO:0030239'
M1_cpdb_211,'GO:0006937'
M1_cpdb_212,'GO:0044818'
M1_cpdb_214,'GO:0007157'
M1_cpdb_217,'GO:0006833'
M1_cpdb_218,'GO:0043484'
M1_cpdb_220,'GO:0007219'
M1_cpdb_223,'GO:1903510'
M1_cpdb_224,'GO:0015847'
M1_cpdb_226,'GO:0001990'
M1_cpdb_229,'GO:0002694'
M1_cpdb_230,'GO:0061577'
M1_cpdb_233,'GO:0008380'
M1_cpdb_234,'GO:0001732'
M1_cpdb_235,'GO:0070383'
M1_cpdb_238,'GO:0046385'
M1_cpdb_241,'GO:0042441'
M1_cpdb_246,'GO:0006388'
M1_cpdb_252,'GO:0150099'
M1_cpdb_254,'GO:0044571'
M1_cpdb_255,'GO:0050852'
M1_cpdb_256,'GO:0006898'
M1_cpdb_257,'GO:0035720'
M1_cpdb_258,'GO:0007224'
M1_cpdb_261,'GO:0010889'
M1_cpdb_262,'GO:0038196'
M1_cpdb_264,'GO:1901379'
M1_cpdb_266,'GO:0014059'
M1_cpdb_269,'GO:0016339'
M1_cpdb_270,'GO:0006941'
M1_cpdb_271,'GO:0097400'
M1_cpdb_273,'GO:0001912'
M1_cpdb_274,'GO:2001034'
M1_cpdb_275,'GO:0061640'
M1_cpdb_276,'GO:0006474'
M1_cpdb_279,'GO:0002429'
M1_cpdb_280,'GO:0010564'
M1_cpdb_281,'GO:0010572'
M1_cpdb_282,'GO:0034381'
M1_cpdb_288,'GO:0050665'
M1_cpdb_289,'GO:0009698'
M1_cpdb_292,'GO:0002803'
M1_cpdb_293,'GO:0032606'
M1_cpdb_295,'GO:0045023'
M1_cpdb_296,'GO:2000819'
M1_cpdb_297,'GO:0045109'
M1_cpdb_298,'GO:0007064'
M1_cpdb_301,'GO:0007338'
M1_cpdb_309,'GO:0097646'
M1_cpdb_318,'GO:1904507'
M1_cpdb_324,'GO:0019371'
M1_cpdb_325,'GO:0061364'
M1_cpdb_326,'GO:0141137'
M1_cpdb_327,'GO:0072583'
M1_cpdb_328,'GO:0000727'
M1_cpdb_338,'GO:0140374'
M1_cpdb_339,'GO:0097104'
M1_cpdb_346,'GO:0015701'
M1_cpdb_348,'GO:0003162'
M1_cpdb_349,'GO:0006418'
M1_cpdb_350,'GO:0000165'
M1_cpdb_351,'GO:0043300'
M1_cpdb_352,'GO:0035329'
M1_cpdb_357,'GO:1904375'
M1_cpdb_360,'GO:0052695'
M1_cpdb_361,'GO:0046520'
M1_cpdb_364,'GO:0006813'
M1_cpdb_365,'GO:0045916'
M1_cpdb_367,'GO:1905551'
M1_cpdb_373,'GO:0099044'
M1_cpdb_374,'GO:0001682'
M1_cpdb_379,'GO:0006825'
M1_cpdb_381,'GO:0046395'
M1_cpdb_382,'GO:0006909'
M1_cpdb_388,'GO:0051923'
M1_cpdb_391,'GO:0050808'
M1_cpdb_396,'GO:0031109'
M1_cpdb_401,'GO:0032880'
M1_cpdb_403,'GO:0016567'
M1_cpdb_404,'GO:0070681'
M1_cpdb_410,'GO:0007229'
M1_cpdb_412,'GO:0031110'
M1_cpdb_415,'GO:0048013'
M1_cpdb_416,'GO:0007271'
M1_cpdb_417,'GO:0009753'
M1_cpdb_422,'GO:0090292'
M1_cpdb_425,'GO:0007035'
M1_cpdb_430,'GO:0006599'
M1_cpdb_435,'GO:0006261'
M1_cpdb_439,'GO:0000122'
M1_cpdb_441,'GO:0044843'
M1_cpdb_444,'GO:0048010'
M1_cpdb_446,'GO:0007601'
M1_cpdb_455,'GO:0043490'
M1_cpdb_456,'GO:0034975'
M1_cpdb_457,'GO:0042274'
M1_cpdb_466,'GO:0019646'
M1_cpdb_468,'GO:0140916'
M1_cpdb_470,'GO:0046785'
M1_cpdb_471,'GO:0032880'
M1_cpdb_475,'GO:0007214'
M1_cpdb_479,'GO:0006260'
M1_cpdb_480,'GO:1904668'
M1_cpdb_481,'GO:0043433'
M1_cpdb_482,'GO:0006891'
M1_cpdb_486,'GO:0048013'
M1_cpdb_488,'GO:0006003'
M1_cpdb_496,'GO:0022618'
M1_cpdb_498,'GO:0042791'
M1_cpdb_499,'GO:1900262'
M1_cpdb_500,'GO:1905821'
M1_cpdb_512,'GO:0006657'
M1_cpdb_518,'GO:0060070'
M1_cpdb_519,'GO:0001558'
M1_cpdb_522,'GO:0006086'
M1_cpdb_528,'GO:0006368'
M1_cpdb_537,'GO:0006406'
M1_cpdb_538,'GO:0000184'
M1_cpdb_539,'GO:0048026'
M1_cpdb_541,'GO:0000387'
M1_cpdb_542,'GO:0030490'
M1_cpdb_545,'GO:0006783'
M1_cpdb_546,'GO:0006561'
M1_cpdb_556,'GO:0006749'
M1_cpdb_558,'GO:0016064'
M1_cpdb_559,'GO:2000781'
M1_cpdb_560,'GO:0016973'
M1_cpdb_562,'GO:0030388'
M1_cpdb_568,'GO:0051664'
M1_cpdb_580,'GO:0006120'
M1_cpdb_585,'GO:0006413'
M1_cpdb_591,'GO:0030261'
M1_cpdb_592,'GO:0022613'
M1_cpdb_604,'GO:0048014'
M1_cpdb_614,'GO:0045657'
M1_cpdb_630,'GO:0032119'
M1_cpdb_632,'GO:1902857'
M1_cpdb_642,'GO:0001582'
M1_cpdb_645,'GO:0045116'
M1_cpdb_647,'GO:0071320'
M1_cpdb_656,'GO:0030213'
M1_cpdb_657,'GO:0002933'
M1_cpdb_659,'GO:0044278'
M1_cpdb_660,'GO:0052695'
M1_cpdb_661,'GO:0035723'
M1_humanbase_1,'GO:0009615'
M1_humanbase_2,'GO:0006119'
M1_humanbase_3,'GO:0022613'
M1_humanbase_4,'GO:0000070'
M1_humanbase_5,'GO:0000727'
M1_humanbase_7,'GO:0022613'
M1_humanbase_8,'GO:0036261'
M1_humanbase_9,'GO:0002181'
M1_humanbase_10,'GO:0038066'
M1_humanbase_11,'GO:0034975'
M1_humanbase_13,'GO:0008380'
M1_humanbase_14,'GO:0006418'
M1_humanbase_15,'GO:0051607'
M1_humanbase_16,'GO:0006096'
M1_humanbase_17,'GO:1900225'
M1_humanbase_18,'GO:0016126'
M1_humanbase_20,'GO:0006457'
M1_humanbase_21,'GO:0000375'
M1_humanbase_24,'GO:0007249'
M1_humanbase_25,'GO:0007035'
M1_humanbase_27,'GO:0097577'
M1_humanbase_28,'GO:0045197'
M1_humanbase_31,'GO:0034085'
M1_humanbase_34,'GO:0038094'
M1_humanbase_35,'GO:0030036'
M1_humanbase_39,'GO:0002399'
M1_humanbase_40,'GO:0010273'
M1_humanbase_41,'GO:0006099'
M1_humanbase_44,'GO:0031145'
M1_humanbase_45,'GO:0051607'
M1_humanbase_47,'GO:1900246'
M1_humanbase_51,'GO:0048024'
M1_humanbase_53,'GO:0008625'
M1_humanbase_57,'GO:0035694'
M1_humanbase_72,'GO:0070098'
M1_humanbase_83,'GO:0030422'
M1_humanbase_91,'GO:0016567'
M1_humanbase_98,'GO:0036297'
M1_humanbase_99,'GO:0090303'
M1_humanbase_109,'GO:0045116'
M1_humanbase_111,'GO:0051017'
M1_humanbase_114,'GO:0030968'
M1_humanbase_120,'GO:0006289'
M1_humanbase_129,'GO:0110104'
M1_humanbase_143,'GO:0032497'
M1_humanbase_149,'GO:0001836'
M1_humanbase_155,'GO:0071038'
M1_humanbase_161,'GO:0071711'
M1_humanbase_163,'GO:0006735'
M1_humanbase_167,'GO:0007162'
M1_humanbase_178,'GO:0045040'
M1_humanbase_182,'GO:0071103'
M1_humanbase_190,'GO:0000070'
M1_humanbase_191,'GO:0032211'
M1_humanbase_212,'GO:0032042'
M1_humanbase_230,'GO:1901739'
M1_humanbase_232,'GO:0006635'
M1_humanbase_233,'GO:0031860'
M1_humanbase_237,'GO:0015828'
M1_humanbase_241,'GO:0070647'
M1_humanbase_242,'GO:0072524'
M1_humanbase_254,'GO:0032968'
M1_humanbase_256,'GO:0061795'
M1_humanbase_258,'GO:0140467'
M1_humanbase_267,'GO:0007369'
M1_humanbase_274,'GO:0072662'
M1_humanbase_278,'GO:0036503'
M1_humanbase_283,'GO:0070488'
M1_humanbase_290,'GO:0034375'
M1_humanbase_292,'GO:0048002'
M1_humanbase_300,'GO:0006337'
M1_humanbase_305,'GO:0001682'
M1_humanbase_306,'GO:0038113'
M1_humanbase_313,'GO:0000070'
M1_humanbase_322,'GO:0006891'
M1_humanbase_331,'GO:0006098'
M1_humanbase_338,'GO:0035278'
M1_humanbase_340,'GO:1902527'
M1_humanbase_342,'GO:0009753'
M1_humanbase_343,'GO:0042178'
M1_humanbase_344,'GO:0045109'
M1_humanbase_345,'GO:0051923'
M1_humanbase_348,'GO:0045064'
M1_humanbase_359,'GO:0043550'
M1_humanbase_365,'GO:0006346'
M1_humanbase_375,'GO:0000387'
M1_humanbase_379,'GO:0007220'
M1_humanbase_389,'GO:0006408'
M1_humanbase_390,'GO:0070849'
M1_humanbase_427,'GO:0003183'
M1_humanbase_441,'GO:0090110'
M1_humanbase_444,'GO:2000819'
M1_humanbase_452,'GO:0006121'
M1_humanbase_460,'GO:0045050'
M1_humanbase_466,'GO:0016226'
M1_humanbase_468,'GO:0070914'
M1_humanbase_477,'GO:0000724'
M1_humanbase_479,'GO:0043484'
M1_humanbase_480,'GO:0007173'
M1_humanbase_492,'GO:0070836'
M1_humanbase_498,'GO:0071787'
M1_humanbase_502,'GO:0010758'
M1_humanbase_513,'GO:0071499'
M1_humanbase_520,'GO:0009156'
M1_humanbase_521,'GO:0031581'
M1_humanbase_525,'GO:0045911'
M1_humanbase_539,'GO:0090043'
M1_humanbase_553,'GO:0035666'
M1_humanbase_557,'GO:0097428'
M1_humanbase_578,'GO:0050852'
M1_humanbase_582,'GO:0044804'
M1_humanbase_596,'GO:0003161'
M1_humanbase_607,'GO:0048384'
M1_humanbase_608,'GO:0000132'
M1_humanbase_625,'GO:0071727'
M1_humanbase_632,'GO:0000077'
M1_string_1,'GO:0097006'
M1_string_3,'GO:0016339'
M1_string_4,'GO:0007389'
M1_string_5,'GO:0007259'
M1_string_6,'GO:0140238'
M1_string_7,'GO:0000045'
M1_string_8,'GO:0006821'
M1_string_9,'GO:0016567'
M1_string_10,'GO:0006364'
M1_string_11,'GO:0006639'
M1_string_12,'GO:0006334'
M1_string_13,'GO:0035329'
M1_string_14,'GO:0018149'
M1_string_15,'GO:0036258'
M1_string_16,'GO:0002181'
M1_string_18,'GO:0006520'
M1_string_19,'GO:0006607'
M1_string_20,'GO:0000226'
M1_string_22,'GO:0000122'
M1_string_23,'GO:0031145'
M1_string_24,'GO:0045116'
M1_string_25,'GO:0006457'
M1_string_26,'GO:0006956'
M1_string_27,'GO:0046488'
M1_string_28,'GO:0006310'
M1_string_29,'GO:0071526'
M1_string_30,'GO:0000377'
M1_string_31,'GO:0007219'
M1_string_33,'GO:0052695'
M1_string_34,'GO:0051056'
M1_string_35,'GO:0046470'
M1_string_36,'GO:0140588'
M1_string_37,'GO:0010257'
M1_string_38,'GO:0052652'
M1_string_39,'GO:0006418'
M1_string_40,'GO:0006635'
M1_string_41,'GO:0071786'
M1_string_42,'GO:0016055'
M1_string_43,'GO:0016338'
M1_string_44,'GO:0036376'
M1_string_45,'GO:1905686'
M1_string_46,'GO:0006406'
M1_string_47,'GO:0090174'
M1_string_48,'GO:0042147'
M1_string_49,'GO:0045995'
M1_string_50,'GO:0007411'
M1_string_51,'GO:0007186'
M1_string_52,'GO:0036503'
M1_string_53,'GO:0032402'
M1_string_54,'GO:0006888'
M1_string_55,'GO:0006749'
M1_string_56,'GO:0002237'
M1_string_57,'GO:0140467'
M1_string_58,'GO:0006470'
M1_string_59,'GO:0090522'
M1_string_60,'GO:0042273'
M1_string_61,'GO:0031163'
M1_string_62,'GO:0019882'
M1_string_63,'GO:0000226'
M1_string_64,'GO:0030970'
M1_string_65,'GO:0006888'
M1_string_66,'GO:0006470'
M1_string_67,'GO:0097190'
M1_string_68,'GO:0030574'
M1_string_69,'GO:0042773'
M1_string_70,'GO:0051085'
M1_string_71,'GO:0072663'
M1_string_72,'GO:2000323'
M1_string_73,'GO:0060261'
M1_string_74,'GO:0006884'
M1_string_75,'GO:0044772'
M1_string_76,'GO:0046496'
M1_string_77,'GO:0031929'
M1_string_79,'GO:0070269'
M1_string_80,'GO:0008543'
M1_string_81,'GO:0006816'
M1_string_82,'GO:0034063'
M1_string_86,'GO:0090170'
M1_string_87,'GO:0009119'
M1_string_88,'GO:0030509'
M1_string_89,'GO:0051923'
M1_string_90,'GO:0006270'
M1_string_91,'GO:0099560'
M1_string_92,'GO:0016052'
M1_string_93,'GO:0045109'
M1_string_94,'GO:0000398'
M1_string_95,'GO:0000398'
M1_string_96,'GO:0051310'
M1_string_97,'GO:0007189'
M1_string_98,'GO:0042761'
M1_string_99,'GO:0002831'
M1_string_100,'GO:0061157'
M1_string_101,'GO:0043161'
M1_string_102,'GO:0062196'
M1_string_103,'GO:0007339'
M1_string_104,'GO:0030050'
M1_string_105,'GO:0007018'
M1_string_106,'GO:0010608'
M1_string_107,'GO:0060070'
M1_string_108,'GO:1902455'
M1_string_109,'GO:0000301'
M1_string_110,'GO:0016073'
M1_string_112,'GO:0042073'
M1_string_113,'GO:0061640'
M1_string_114,'GO:0060411'
M1_string_115,'GO:0007035'
M1_string_116,'GO:0048643'
M1_string_117,'GO:0019752'
M1_string_119,'GO:2000741'
M1_string_121,'GO:0032446'
M1_string_122,'GO:0031570'
M1_string_123,'GO:2000819'
M1_string_124,'GO:0071352'
M1_string_125,'GO:0006099'
M1_string_126,'GO:0006303'
M1_string_127,'GO:1902893'
M1_string_128,'GO:0002429'
M1_string_129,'GO:0034314'
M1_string_130,'GO:0006383'
M1_string_131,'GO:0006626'
M1_string_132,'GO:0016559'
M1_string_133,'GO:0019377'
M1_string_134,'GO:0046415'
M1_string_136,'GO:0051123'
M1_string_137,'GO:0007018'
M1_string_139,'GO:0045050'
M1_string_140,'GO:0045332'
M1_string_141,'GO:0003009'
M1_string_142,'GO:0033209'
M1_string_143,'GO:0035249'
M1_string_144,'GO:0007565'
M1_string_145,'GO:0007220'
M1_string_147,'GO:0007212'
M1_string_148,'GO:0015986'
M1_string_149,'GO:0001836'
M1_string_150,'GO:0034446'
M1_string_151,'GO:0015671'
M1_string_152,'GO:0030036'
M1_string_153,'GO:0006368'
M1_string_154,'GO:0033627'
M1_string_155,'GO:0043122'
M1_string_156,'GO:0110154'
M1_string_157,'GO:0060271'
M1_string_158,'GO:0001522'
M1_string_159,'GO:0006865'
M1_string_160,'GO:0018342'
M1_string_161,'GO:0006665'
M1_string_162,'GO:0072038'
M1_string_163,'GO:0043484'
M1_string_164,'GO:0007169'
M1_string_165,'GO:0048013'
M1_string_166,'GO:1904851'
M1_string_167,'GO:0060070'
M1_string_169,'GO:0071816'
M1_string_170,'GO:0071711'
M1_string_171,'GO:0031047'
M1_string_172,'GO:0031669'
M1_string_173,'GO:0007179'
M1_string_174,'GO:0010510'
M1_string_175,'GO:0050817'
M1_string_176,'GO:0006493'
M1_string_178,'GO:0042407'
M1_string_179,'GO:0006694'
M1_string_181,'GO:0042276'
M1_string_182,'GO:0098876'
M1_string_184,'GO:0032924'
M1_string_185,'GO:0006506'
M1_string_186,'GO:1990502'
M1_string_188,'GO:0015793'
M1_string_189,'GO:0016255'
M1_string_190,'GO:0098916'
M1_string_191,'GO:0046931'
M1_string_192,'GO:0071205'
M1_string_193,'GO:0071625'
M1_string_194,'GO:1904262'
M1_string_195,'GO:0006555'
M1_string_196,'GO:0099116'
M1_string_197,'GO:0071805'
M1_string_198,'GO:0048280'
M1_string_199,'GO:0034975'
M1_string_200,'GO:0030111'
M1_string_201,'GO:0046854'
M1_string_202,'GO:0097067'
M1_string_204,'GO:0000492'
M1_string_205,'GO:0038127'
M1_string_206,'GO:0006906'
M1_string_207,'GO:0030041'
M1_string_208,'GO:0070286'
M1_string_209,'GO:0007218'
M1_string_210,'GO:0051673'
M1_string_211,'GO:0035269'
M1_string_213,'GO:0030488'
M1_string_214,'GO:0007059'
M1_string_215,'GO:0007015'
M1_string_216,'GO:0009082'
M1_string_217,'GO:0002486'
M1_string_219,'GO:0019464'
M1_string_220,'GO:0006744'
M1_string_222,'GO:0000381'
M1_string_224,'GO:0006457'
M1_string_225,'GO:0006936'
M1_string_226,'GO:0097026'
M1_string_229,'GO:0035434'
M1_string_230,'GO:0014003'
M1_string_231,'GO:0007264'
M1_string_232,'GO:0099041'
M1_string_233,'GO:0014059'
M1_string_235,'GO:0015857'
M1_string_237,'GO:0045348'
M1_string_238,'GO:0007265'
M1_string_239,'GO:0016973'
M1_string_240,'GO:0046036'
M1_string_241,'GO:0050901'
M1_string_242,'GO:0002860'
M1_string_243,'GO:0007062'
M1_string_244,'GO:0046391'
M1_string_247,'GO:0040018'
M1_string_248,'GO:0006281'
M1_string_249,'GO:0046854'
M1_string_250,'GO:0007186'
M1_string_251,'GO:0036444'
M1_string_252,'GO:0031102'
M1_string_253,'GO:0005977'
M1_string_254,'GO:0098708'
M1_string_255,'GO:0031640'
M1_string_256,'GO:0043324'
M1_string_257,'GO:0140009'
M1_string_258,'GO:0006814'
M1_string_259,'GO:0007254'
M1_string_260,'GO:0046500'
M1_string_262,'GO:1905039'
M1_string_263,'GO:0030198'
M1_string_264,'GO:0018377'
M1_string_265,'GO:0006783'
M1_string_266,'GO:0097272'
M1_string_268,'GO:0002949'
M1_string_269,'GO:0007157'
M1_string_270,'GO:1902747'
M1_string_271,'GO:0010889'
M1_string_273,'GO:0000122'
M1_string_277,'GO:0006887'
M1_string_278,'GO:0002098'
M1_string_279,'GO:0007186'
M1_string_284,'GO:0035176'
M1_string_287,'GO:0030322'
M1_string_289,'GO:0046513'
M1_string_292,'GO:0045454'
M1_string_294,'GO:0048240'
M1_string_295,'GO:0002366'
M1_string_296,'GO:0051053'
M1_string_297,'GO:0045454'
M1_string_300,'GO:0006012'
M1_string_301,'GO:0042461'
M1_string_305,'GO:0007076'
M1_string_306,'GO:0030206'
M1_string_308,'GO:0140361'
M1_string_311,'GO:0048024'
M1_string_313,'GO:0048050'
M1_string_317,'GO:0015937'
M1_string_320,'GO:0033387'
M1_string_321,'GO:0006561'
M1_string_323,'GO:0070681'
M1_string_326,'GO:0007193'
M1_string_331,'GO:0060307'
M1_string_332,'GO:0032918'
M1_string_333,'GO:0043567'
M1_string_334,'GO:0010887'
M1_string_335,'GO:0006537'
M1_string_343,'GO:0045103'
M1_string_344,'GO:0016579'
M1_string_345,'GO:0010524'
M1_string_347,'GO:1903942'
M1_string_350,'GO:0038192'
M1_string_354,'GO:0016486'
M1_string_355,'GO:0043484'
M1_string_356,'GO:0062177'
M1_string_357,'GO:0071569'
M1_string_360,'GO:1905719'
M1_string_361,'GO:0006491'
M1_string_362,'GO:0010968'
M1_string_363,'GO:0000082'
M1_string_365,'GO:0042554'
M1_string_367,'GO:0051209'
M1_string_368,'GO:0070166'
M1_string_370,'GO:0071397'
M1_string_371,'GO:0007217'
M1_string_375,'GO:0070647'
M1_string_376,'GO:0140639'
M1_string_377,'GO:0070673'
M1_string_380,'GO:0003254'
M1_string_381,'GO:0045617'
M1_string_383,'GO:0051940'
M1_string_384,'GO:1903475'
M1_string_385,'GO:0006816'
M1_string_386,'GO:0006581'
M1_string_392,'GO:0038188'
M1_string_393,'GO:0008612'
M1_string_395,'GO:0044029'
M1_string_396,'GO:0062111'
M1_string_398,'GO:0006465'
M1_string_400,'GO:0045141'
M1_string_401,'GO:2000573'
M1_string_402,'GO:0070213'
M1_string_404,'GO:0030091'
M1_string_405,'GO:0042984'
M1_string_406,'GO:0006302'
M1_string_408,'GO:0000387'
M1_string_409,'GO:0000398'
M1_string_412,'GO:0030199'
M1_string_413,'GO:0016076'
M1_string_415,'GO:0002088'
M1_string_425,'GO:0006760'
M1_string_429,'GO:0060271'
M1_string_431,'GO:0030198'
M1_string_433,'GO:0030330'
M1_string_434,'GO:0006414'
M1_string_435,'GO:0008286'
M1_string_436,'GO:0007266'
M1_string_437,'GO:0030198'
M1_string_438,'GO:0007249'
M1_string_440,'GO:0035268'
M1_string_441,'GO:0006013'
M1_string_444,'GO:0010273'
M1_string_445,'GO:0050829'
M1_string_448,'GO:0006109'
M1_string_451,'GO:0006820'
M1_string_455,'GO:0035269'
M1_string_460,'GO:0045109'
M1_string_462,'GO:0006325'
M1_string_464,'GO:0048245'
M1_string_465,'GO:0033617'
M1_string_468,'GO:0140205'
M1_string_469,'GO:0042138'
M1_string_471,'GO:0060183'
M1_string_472,'GO:0042267'
M1_string_473,'GO:0071577'
M1_string_474,'GO:0015891'
M1_string_478,'GO:0006869'
M1_string_485,'GO:0048247'
M1_string_488,'GO:1905521'
M1_string_493,'GO:0000122'
M1_string_494,'GO:0001522'
M1_string_495,'GO:1990090'
M1_string_498,'GO:0014905'
M1_string_499,'GO:0006805'
M1_string_500,'GO:0007216'
M1_string_502,'GO:0018345'
M1_string_505,'GO:0070098'
M1_string_511,'GO:0006688'
M1_string_518,'GO:0097355'
M1_string_523,'GO:0031640'
M1_string_525,'GO:0140889'
M1_string_526,'GO:0032465'
M1_string_527,'GO:0097646'
M1_string_528,'GO:0050821'
M1_string_532,'GO:0007283'
M1_string_542,'GO:0070126'
M1_string_543,'GO:0000244'
M1_string_545,'GO:0000184'
M1_string_546,'GO:0070164'
M1_string_547,'GO:0030593'
M1_string_548,'GO:0070098'
M1_string_550,'GO:0051056'
M1_string_551,'GO:0030195'
M1_string_552,'GO:0034454'
M1_string_553,'GO:0000070'
M1_string_556,'GO:0051014'
M1_string_562,'GO:0042254'
M1_string_564,'GO:0006391'
M1_string_565,'GO:0006402'
M1_string_569,'GO:0032680'
M1_string_570,'GO:0006446'
M1_string_571,'GO:0043001'
M1_string_572,'GO:0043484'
M1_string_573,'GO:1904645'
M1_string_574,'GO:0008089'
M1_string_582,'GO:0006939'
M1_string_589,'GO:0040019'
M1_string_591,'GO:0099558'
M1_string_593,'GO:0006046'
M1_string_599,'GO:0040029'
M1_string_600,'GO:0051443'
M1_string_601,'GO:0006474'
M1_string_603,'GO:0045943'
M1_string_605,'GO:0007169'
M1_string_606,'GO:0048024'
M1_string_607,'GO:1903311'
M1_string_608,'GO:0006397'
M1_string_611,'GO:0050901'
M1_string_612,'GO:0001523'
M1_string_616,'GO:0048007'
M1_string_620,'GO:0031590'
M1_string_624,'GO:0030166'
M1_string_627,'GO:0060271'
M1_string_629,'GO:0001582'
M1_string_630,'GO:0007218'
M1_string_631,'GO:0045109'
M1_string_635,'GO:0001714'
M1_string_636,'GO:0006287'
M1_string_637,'GO:0045870'
M1_string_639,'GO:0070478'
M1_string_640,'GO:0036089'
M1_string_641,'GO:0007030'
M1_string_642,'GO:0007186'
M1_string_643,'GO:0045185'
M1_string_644,'GO:0007015'
M1_string_647,'GO:0006850'
M1_string_649,'GO:0007597'
M1_string_652,'GO:0036159'
M1_string_654,'GO:0006813'
M1_string_657,'GO:0006044'
M1_string_659,'GO:0006590'
M1_string_662,'GO:0070376'
M1_string_668,'GO:0071577'
M1_string_669,'GO:0032511'
M1_string_678,'GO:0034728'
M1_string_680,'GO:0006284'
M1_string_681,'GO:0030261'
M1_string_683,'GO:1905382'
M1_string_684,'GO:0030490'
M1_string_685,'GO:2000320'
M1_string_693,'GO:0006408'
M1_string_694,'GO:0070973'
M1_string_696,'GO:0007204'
M1_string_697,'GO:0051458'
M1_string_698,'GO:2000394'
M1_string_701,'GO:0050870'
M1_string_712,'GO:0015889'
M1_string_716,'GO:0001881'
M1_string_725,'GO:1901799'
M1_string_726,'GO:0045494'
M1_string_729,'GO:0060271'
M1_string_732,'GO:0061760'
M1_string_742,'GO:0017015'
M1_string_749,'GO:0072015'
M1_string_759,'GO:0006398'
M1_string_760,'GO:0021861'
M1_string_768,'GO:0006370'
M1_string_769,'GO:0048714'
M1_string_773,'GO:0051016'
M1_string_774,'GO:0006527'
M1_string_775,'GO:0007210'
R1_cpdb_2,'GO:1990573'
R1_cpdb_3,'GO:0006520'
R1_cpdb_4,'GO:0006289'
R1_cpdb_5,'GO:0051123'
R1_cpdb_7,'GO:0061183'
R1_cpdb_8,'GO:0099643'
R1_cpdb_10,'GO:0031110'
R1_cpdb_11,'GO:0038165'
R1_cpdb_14,'GO:0010968'
R1_cpdb_15,'GO:0016233'
R1_cpdb_16,'GO:0000070'
R1_cpdb_17,'GO:2000819'
R1_cpdb_18,'GO:0003357'
R1_cpdb_19,'GO:0031398'
R1_cpdb_20,'GO:0000077'
R1_cpdb_21,'GO:0006556'
R1_cpdb_23,'GO:0006325'
R1_cpdb_24,'GO:0006270'
R1_cpdb_26,'GO:0006281'
R1_cpdb_28,'GO:0042744'
R1_cpdb_29,'GO:0046835'
R1_cpdb_31,'GO:0035329'
R1_cpdb_32,'GO:0003206'
R1_cpdb_33,'GO:0008380'
R1_cpdb_34,'GO:0071560'
R1_cpdb_35,'GO:0000122'
R1_cpdb_36,'GO:0048014'
R1_cpdb_37,'GO:0046880'
R1_cpdb_38,'GO:0001836'
R1_cpdb_40,'GO:0046902'
R1_cpdb_42,'GO:0007216'
R1_cpdb_43,'GO:0072659'
R1_cpdb_44,'GO:0051310'
R1_cpdb_46,'GO:0006906'
R1_cpdb_47,'GO:0030041'
R1_cpdb_48,'GO:0031118'
R1_cpdb_49,'GO:0006298'
R1_cpdb_50,'GO:0052695'
R1_cpdb_51,'GO:0090043'
R1_cpdb_52,'GO:0140588'
R1_cpdb_56,'GO:0045197'
R1_cpdb_57,'GO:1904029'
R1_cpdb_58,'GO:1902455'
R1_cpdb_59,'GO:0060261'
R1_cpdb_60,'GO:0051480'
R1_cpdb_63,'GO:0014003'
R1_cpdb_65,'GO:0006121'
R1_cpdb_67,'GO:0006574'
R1_cpdb_69,'GO:0032933'
R1_cpdb_70,'GO:0006368'
R1_cpdb_72,'GO:0031442'
R1_cpdb_75,'GO:0098916'
R1_cpdb_76,'GO:0006325'
R1_cpdb_77,'GO:0071356'
R1_cpdb_79,'GO:0036462'
R1_cpdb_80,'GO:0034315'
R1_cpdb_81,'GO:0034142'
R1_cpdb_82,'GO:1901224'
R1_cpdb_83,'GO:0032446'
R1_cpdb_84,'GO:0033615'
R1_cpdb_85,'GO:0038110'
R1_cpdb_86,'GO:0070098'
R1_cpdb_87,'GO:0001867'
R1_cpdb_88,'GO:1903513'
R1_cpdb_90,'GO:0007005'
R1_cpdb_94,'GO:0042791'
R1_cpdb_95,'GO:0006913'
R1_cpdb_97,'GO:0035654'
R1_cpdb_98,'GO:0007597'
R1_cpdb_100,'GO:0007249'
R1_cpdb_102,'GO:0045039'
R1_cpdb_103,'GO:0006099'
R1_cpdb_104,'GO:0043574'
R1_cpdb_105,'GO:0018279'
R1_cpdb_106,'GO:0007188'
R1_cpdb_108,'GO:0051403'
R1_cpdb_109,'GO:0034314'
R1_cpdb_110,'GO:0070936'
R1_cpdb_111,'GO:0008154'
R1_cpdb_112,'GO:0006506'
R1_cpdb_114,'GO:0046649'
R1_cpdb_115,'GO:0007229'
R1_cpdb_116,'GO:0002486'
R1_cpdb_117,'GO:0097696'
R1_cpdb_118,'GO:1902573'
R1_cpdb_119,'GO:0097485'
R1_cpdb_121,'GO:0007411'
R1_cpdb_122,'GO:0060411'
R1_cpdb_123,'GO:0007229'
R1_cpdb_124,'GO:0072378'
R1_cpdb_125,'GO:1905907'
R1_cpdb_129,'GO:0034375'
R1_cpdb_130,'GO:0070328'
R1_cpdb_131,'GO:0034381'
R1_cpdb_132,'GO:0035235'
R1_cpdb_133,'GO:0043113'
R1_cpdb_134,'GO:0035249'
R1_cpdb_135,'GO:0007259'
R1_cpdb_136,'GO:0006391'
R1_cpdb_137,'GO:0170036'
R1_cpdb_138,'GO:1905168'
R1_cpdb_139,'GO:0045814'
R1_cpdb_140,'GO:0006511'
R1_cpdb_141,'GO:0042147'
R1_cpdb_142,'GO:0140053'
R1_cpdb_144,'GO:0006457'
R1_cpdb_146,'GO:0045109'
R1_cpdb_148,'GO:0045103'
R1_cpdb_149,'GO:1901894'
R1_cpdb_152,'GO:0006689'
R1_cpdb_153,'GO:0007220'
R1_cpdb_154,'GO:0002429'
R1_cpdb_155,'GO:0098869'
R1_cpdb_156,'GO:0016236'
R1_cpdb_158,'GO:0045055'
R1_cpdb_159,'GO:0000338'
R1_cpdb_160,'GO:0007015'
R1_cpdb_161,'GO:0010889'
R1_cpdb_165,'GO:0035771'
R1_cpdb_166,'GO:0034198'
R1_cpdb_167,'GO:0015986'
R1_cpdb_170,'GO:0006897'
R1_cpdb_172,'GO:0016264'
R1_cpdb_173,'GO:0070830'
R1_cpdb_174,'GO:0050650'
R1_cpdb_175,'GO:0036465'
R1_cpdb_176,'GO:0007169'
R1_cpdb_178,'GO:0032729'
R1_cpdb_179,'GO:2000330'
R1_cpdb_181,'GO:0001732'
R1_cpdb_182,'GO:0006936'
R1_cpdb_183,'GO:0032606'
R1_cpdb_184,'GO:0007219'
R1_cpdb_185,'GO:0008380'
R1_cpdb_187,'GO:1900048'
R1_cpdb_190,'GO:2000591'
R1_cpdb_191,'GO:0006956'
R1_cpdb_194,'GO:0007249'
R1_cpdb_195,'GO:0009648'
R1_cpdb_198,'GO:0002524'
R1_cpdb_199,'GO:0034330'
R1_cpdb_200,'GO:0044208'
R1_cpdb_201,'GO:0030049'
R1_cpdb_202,'GO:0031589'
R1_cpdb_203,'GO:0045730'
R1_cpdb_204,'GO:0090522'
R1_cpdb_205,'GO:0009755'
R1_cpdb_208,'GO:0008380'
R1_cpdb_209,'GO:0000045'
R1_cpdb_210,'GO:0031145'
R1_cpdb_211,'GO:0007210'
R1_cpdb_212,'GO:0007035'
R1_cpdb_214,'GO:0030029'
R1_cpdb_215,'GO:0046761'
R1_cpdb_216,'GO:0030705'
R1_cpdb_218,'GO:0000122'
R1_cpdb_219,'GO:0140053'
R1_cpdb_221,'GO:0007596'
R1_cpdb_222,'GO:0006418'
R1_cpdb_223,'GO:0014808'
R1_cpdb_227,'GO:0006090'
R1_cpdb_228,'GO:0030198'
R1_cpdb_229,'GO:0042659'
R1_cpdb_230,'GO:0006364'
R1_cpdb_231,'GO:0006465'
R1_cpdb_232,'GO:0086073'
R1_cpdb_233,'GO:0007018'
R1_cpdb_234,'GO:0035269'
R1_cpdb_235,'GO:0019348'
R1_cpdb_238,'GO:0110156'
R1_cpdb_239,'GO:1905605'
R1_cpdb_240,'GO:0006231'
R1_cpdb_241,'GO:0006003'
R1_cpdb_242,'GO:0098771'
R1_cpdb_246,'GO:0000375'
R1_cpdb_247,'GO:0070972'
R1_cpdb_248,'GO:0006086'
R1_cpdb_250,'GO:0090110'
R1_cpdb_251,'GO:0050957'
R1_cpdb_252,'GO:0006261'
R1_cpdb_253,'GO:0007062'
R1_cpdb_254,'GO:0060271'
R1_cpdb_255,'GO:2000340'
R1_cpdb_256,'GO:0099517'
R1_cpdb_257,'GO:0045109'
R1_cpdb_258,'GO:0000479'
R1_cpdb_259,'GO:0010498'
R1_cpdb_260,'GO:0044571'
R1_cpdb_262,'GO:0006383'
R1_cpdb_263,'GO:0019373'
R1_cpdb_264,'GO:0042773'
R1_cpdb_265,'GO:0098662'
R1_cpdb_266,'GO:0007596'
R1_cpdb_267,'GO:0048013'
R1_cpdb_268,'GO:0007188'
R1_cpdb_270,'GO:0048013'
R1_cpdb_271,'GO:0038180'
R1_cpdb_275,'GO:0030036'
R1_cpdb_278,'GO:0030198'
R1_cpdb_280,'GO:1904851'
R1_cpdb_281,'GO:0030574'
R1_cpdb_282,'GO:0099504'
R1_cpdb_283,'GO:0007098'
R1_cpdb_285,'GO:0030509'
R1_cpdb_287,'GO:0007015'
R1_cpdb_289,'GO:0000122'
R1_cpdb_290,'GO:0008608'
R1_cpdb_291,'GO:0072583'
R1_cpdb_292,'GO:0000226'
R1_cpdb_293,'GO:1903361'
R1_cpdb_294,'GO:0061640'
R1_cpdb_295,'GO:0007188'
R1_cpdb_296,'GO:0022618'
R1_cpdb_297,'GO:0099173'
R1_cpdb_298,'GO:0097435'
R1_cpdb_299,'GO:0034030'
R1_cpdb_302,'GO:2000642'
R1_cpdb_303,'GO:0055075'
R1_cpdb_304,'GO:0006406'
R1_cpdb_305,'GO:0043328'
R1_cpdb_306,'GO:0051169'
R1_cpdb_308,'GO:0086001'
R1_cpdb_311,'GO:0042776'
R1_cpdb_313,'GO:0006997'
R1_cpdb_314,'GO:0007099'
R1_cpdb_315,'GO:0061157'
R1_cpdb_319,'GO:0006936'
R1_cpdb_320,'GO:0030497'
R1_cpdb_322,'GO:0042273'
R1_cpdb_323,'GO:0035720'
R1_cpdb_324,'GO:0009062'
R1_cpdb_325,'GO:0000301'
R1_cpdb_326,'GO:0016072'
R1_cpdb_327,'GO:0006098'
R1_cpdb_328,'GO:0030198'
R1_cpdb_330,'GO:0019395'
R1_cpdb_333,'GO:0006613'
R1_cpdb_334,'GO:0001682'
R1_cpdb_335,'GO:0046512'
R1_cpdb_337,'GO:0140077'
R1_cpdb_338,'GO:0007157'
R1_cpdb_339,'GO:0006906'
R1_cpdb_340,'GO:0016559'
R1_cpdb_341,'GO:0007020'
R1_cpdb_343,'GO:0051904'
R1_cpdb_345,'GO:0002933'
R1_cpdb_347,'GO:0006851'
R1_cpdb_348,'GO:0014059'
R1_cpdb_349,'GO:0098662'
R1_cpdb_350,'GO:0045921'
R1_cpdb_352,'GO:0006888'
R1_cpdb_355,'GO:0038196'
R1_cpdb_359,'GO:0032940'
R1_cpdb_363,'GO:0050915'
R1_cpdb_364,'GO:0030198'
R1_cpdb_372,'GO:0007338'
R1_cpdb_373,'GO:0033141'
R1_cpdb_375,'GO:0071320'
R1_cpdb_376,'GO:0099558'
R1_cpdb_377,'GO:0042374'
R1_humanbase_10,'GO:0034204'
R1_humanbase_20,'GO:0055088'
R1_humanbase_73,'GO:0006123'
R1_humanbase_75,'GO:0010666'
R1_humanbase_79,'GO:0002283'
R1_humanbase_86,'GO:0065005'
R1_humanbase_87,'GO:2000846'
R1_humanbase_90,'GO:0046500'
R1_humanbase_98,'GO:0051584'
R1_humanbase_176,'GO:0104004'
R1_humanbase_178,'GO:0033539'
R1_humanbase_194,'GO:0030501'
R1_humanbase_230,'GO:1901329'
R1_humanbase_239,'GO:0051693'
R1_humanbase_252,'GO:1902166'
R1_humanbase_266,'GO:0016339'
R1_humanbase_290,'GO:0030199'
R1_humanbase_300,'GO:0007595'
R1_humanbase_319,'GO:0045087'
R1_humanbase_320,'GO:0051673'
R1_humanbase_351,'GO:0045765'
R1_string_1,'GO:0006457'
R1_string_2,'GO:1900238'
R1_string_3,'GO:0050957'
R1_string_4,'GO:0090522'
R1_string_5,'GO:0060071'
R1_string_6,'GO:1904507'
R1_string_7,'GO:0099022'
R1_string_8,'GO:0007229'
R1_string_9,'GO:2000323'
R1_string_10,'GO:0002503'
R1_string_12,'GO:1904431'
R1_string_13,'GO:0034727'
R1_string_14,'GO:0060070'
R1_string_15,'GO:0006914'
R1_string_18,'GO:0002429'
R1_string_19,'GO:0071356'
R1_string_20,'GO:0032543'
R1_string_21,'GO:0042147'
R1_string_22,'GO:1900264'
R1_string_23,'GO:0002934'
R1_string_25,'GO:0000122'
R1_string_26,'GO:0086091'
R1_string_27,'GO:0000377'
R1_string_28,'GO:1903513'
R1_string_29,'GO:0042554'
R1_string_30,'GO:0098609'
R1_string_31,'GO:2000819'
R1_string_32,'GO:0097191'
R1_string_34,'GO:0038061'
R1_string_35,'GO:0030509'
R1_string_36,'GO:0048013'
R1_string_37,'GO:0031145'
R1_string_38,'GO:0097745'
R1_string_39,'GO:0110011'
R1_string_40,'GO:0030150'
R1_string_42,'GO:0097485'
R1_string_43,'GO:0090049'
R1_string_44,'GO:0046856'
R1_string_45,'GO:0034243'
R1_string_46,'GO:0042776'
R1_string_47,'GO:0035720'
R1_string_51,'GO:0006890'
R1_string_53,'GO:0086100'
R1_string_55,'GO:0019646'
R1_string_56,'GO:0034446'
R1_string_57,'GO:0071492'
R1_string_58,'GO:0006086'
R1_string_59,'GO:0060113'
R1_string_60,'GO:0010968'
R1_string_61,'GO:0070525'
R1_string_62,'GO:0006261'
R1_string_63,'GO:0006325'
R1_string_64,'GO:0031589'
R1_string_65,'GO:0097009'
R1_string_66,'GO:0060391'
R1_string_67,'GO:0099643'
R1_string_68,'GO:0015986'
R1_string_69,'GO:0045039'
R1_string_70,'GO:0031146'
R1_string_71,'GO:1900745'
R1_string_72,'GO:0034113'
R1_string_73,'GO:0035249'
R1_string_74,'GO:0030168'
R1_string_75,'GO:0140056'
R1_string_77,'GO:0070120'
R1_string_78,'GO:0000398'
R1_string_79,'GO:0060337'
R1_string_80,'GO:0090170'
R1_string_81,'GO:0043406'
R1_string_82,'GO:0000724'
R1_string_83,'GO:0007008'
R1_string_84,'GO:0006388'
R1_string_85,'GO:0006338'
R1_string_86,'GO:0001836'
R1_string_89,'GO:1905684'
R1_string_90,'GO:0001732'
R1_string_91,'GO:0071352'
R1_string_92,'GO:0016567'
R1_string_94,'GO:1905168'
R1_string_95,'GO:0097527'
R1_string_97,'GO:0009301'
R1_string_98,'GO:0006368'
R1_string_100,'GO:0110010'
R1_string_101,'GO:0000731'
R1_string_102,'GO:0048014'
R1_string_103,'GO:0016241'
R1_string_104,'GO:0006506'
R1_string_105,'GO:0046513'
R1_string_106,'GO:0006287'
R1_string_107,'GO:0048025'
R1_string_108,'GO:0051256'
R1_string_110,'GO:0001714'
R1_string_112,'GO:0006414'
R1_string_113,'GO:0036258'
R1_string_114,'GO:0016255'
R1_string_115,'GO:0006102'
R1_string_116,'GO:0007062'
R1_string_117,'GO:0007596'
R1_string_119,'GO:0000054'
R1_string_120,'GO:0045197'
R1_string_121,'GO:0007266'
R1_string_122,'GO:0031929'
R1_string_123,'GO:0006457'
R1_string_124,'GO:0032731'
R1_string_125,'GO:1903241'
R1_string_126,'GO:0034058'
R1_string_128,'GO:0099517'
R1_string_129,'GO:0031054'
R1_string_130,'GO:0006352'
R1_string_131,'GO:0051092'
R1_string_132,'GO:0042730'
R1_string_133,'GO:0045050'
R1_string_136,'GO:0033693'
R1_string_137,'GO:0071025'
R1_string_138,'GO:0043484'
R1_string_140,'GO:0006298'
R1_string_141,'GO:0071816'
R1_string_142,'GO:0042274'
R1_string_143,'GO:0032729'
R1_string_144,'GO:0031295'
R1_string_145,'GO:0046854'
R1_string_146,'GO:0060070'
R1_string_147,'GO:0043691'
R1_string_148,'GO:0090110'
R1_string_150,'GO:0006260'
R1_string_151,'GO:0031204'
R1_string_153,'GO:0006839'
R1_string_154,'GO:0060070'
R1_string_155,'GO:0038202'
R1_string_156,'GO:0030593'
R1_string_158,'GO:0060261'
R1_string_159,'GO:2000480'
R1_string_160,'GO:2000501'
R1_string_161,'GO:0051123'
R1_string_162,'GO:0097553'
R1_string_163,'GO:0006897'
R1_string_164,'GO:0000723'
R1_string_165,'GO:0045646'
R1_string_166,'GO:0045954'
R1_string_167,'GO:0140894'
R1_string_168,'GO:0044772'
R1_string_169,'GO:0071358'
R1_string_171,'GO:0018279'
R1_string_172,'GO:1904262'
R1_string_173,'GO:0034314'
R1_string_176,'GO:0046425'
R1_string_177,'GO:0051169'
R1_string_178,'GO:0000289'
R1_string_179,'GO:0019941'
R1_string_180,'GO:0031669'
R1_string_181,'GO:0032456'
R1_string_182,'GO:0000377'
R1_string_183,'GO:0006334'
R1_string_184,'GO:0036297'
R1_string_185,'GO:0042147'
R1_string_187,'GO:0015917'
R1_string_190,'GO:0006913'
R1_string_191,'GO:0016445'
R1_string_193,'GO:1903432'
R1_string_194,'GO:0003009'
R1_string_195,'GO:0034381'
R1_string_196,'GO:0048009'
R1_string_197,'GO:0140895'
R1_string_198,'GO:0070498'
R1_string_199,'GO:0006596'
R1_string_200,'GO:1905949'
R1_string_201,'GO:0045123'
R1_string_202,'GO:1990806'
R1_string_203,'GO:0042659'
R1_string_204,'GO:0007213'
R1_string_205,'GO:0061077'
R1_string_207,'GO:0008543'
R1_string_208,'GO:0035721'
R1_string_209,'GO:0034315'
R1_string_210,'GO:1905821'
R1_string_211,'GO:0001909'
R1_string_212,'GO:1990573'
R1_string_213,'GO:0006474'
R1_string_214,'GO:0043506'
R1_string_215,'GO:0072663'
R1_string_216,'GO:1990349'
R1_string_217,'GO:0001554'
R1_string_218,'GO:0001666'
R1_string_219,'GO:0051904'
R1_string_220,'GO:0097646'
R1_string_221,'GO:0006898'
R1_string_223,'GO:0006406'
R1_string_224,'GO:0045916'
R1_string_225,'GO:0006825'
R1_string_226,'GO:0007259'
R1_string_227,'GO:0140467'
R1_string_231,'GO:0007173'
R1_string_232,'GO:0007314'
R1_string_235,'GO:0006957'
R1_string_236,'GO:1904851'
R1_string_237,'GO:0097354'
R1_string_239,'GO:0016925'
R1_string_240,'GO:2000547'
R1_string_242,'GO:0006956'
R1_string_243,'GO:2001240'
R1_string_244,'GO:0002397'
R1_string_247,'GO:0007186'
R1_string_248,'GO:0016558'
R1_string_249,'GO:0007020'
R1_string_250,'GO:0007219'
R1_string_251,'GO:0006891'
R1_string_252,'GO:0030518'
R1_string_256,'GO:0015671'
R1_string_257,'GO:0009265'
R1_string_258,'GO:0043328'
R1_string_259,'GO:0000377'
R1_string_260,'GO:0002860'
R1_string_261,'GO:0110156'
R1_string_263,'GO:0045116'
R1_string_264,'GO:0035329'
R1_string_265,'GO:0048384'
R1_string_266,'GO:1990090'
R1_string_267,'GO:0141193'
R1_string_268,'GO:0045039'
R1_string_269,'GO:0042273'
R1_string_270,'GO:0016233'
R1_string_271,'GO:0017183'
R1_string_272,'GO:0035654'
R1_string_274,'GO:0045348'
R1_string_275,'GO:0006897'
R1_string_277,'GO:0002098'
R1_string_278,'GO:0006511'
R1_string_279,'GO:2000601'
R1_string_280,'GO:0015889'
R1_string_281,'GO:0071526'
R1_string_282,'GO:0030178'
R1_string_283,'GO:0007219'
R1_string_284,'GO:1902455'
R1_string_285,'GO:0010970'
R1_string_286,'GO:0060339'
R1_string_288,'GO:0000301'
R1_string_289,'GO:0044818'
R1_string_290,'GO:0007035'
R1_string_291,'GO:0034214'
R1_string_292,'GO:0042269'
R1_string_294,'GO:0010257'
R1_string_295,'GO:0007186'
R1_string_296,'GO:0042273'
R1_string_297,'GO:0016180'
R1_string_298,'GO:0060070'
R1_string_299,'GO:0007097'
R1_string_300,'GO:1902956'
R1_string_301,'GO:0008608'
R1_string_302,'GO:0015820'
R1_string_304,'GO:0045197'
R1_string_305,'GO:1905907'
R1_string_307,'GO:0007220'
R1_string_308,'GO:0006307'
R1_string_309,'GO:1902954'
R1_string_310,'GO:0001938'
R1_string_311,'GO:0030970'
R1_string_312,'GO:0051904'
R1_string_317,'GO:0060337'
R1_string_318,'GO:0051480'
R1_string_319,'GO:0001508'
R1_string_321,'GO:0043378'
R1_string_322,'GO:0099612'
R1_string_323,'GO:0140469'
R1_string_324,'GO:0008589'
R1_string_325,'GO:0070681'
R1_string_326,'GO:0030968'
R1_string_327,'GO:0071351'
R1_string_328,'GO:0007612'
R1_string_329,'GO:0000338'
R1_string_330,'GO:1905672'
R1_string_331,'GO:0048010'
R1_string_332,'GO:0072383'
R1_string_333,'GO:0061640'
R1_string_334,'GO:0070647'
R1_string_335,'GO:0006121'
R1_string_336,'GO:0002429'
R1_string_338,'GO:0035810'
R1_string_340,'GO:0045216'
R1_string_342,'GO:0071526'
R1_string_343,'GO:0097119'
R1_string_344,'GO:0032933'
R1_string_345,'GO:1902608'
R1_string_347,'GO:0006446'
R1_string_348,'GO:1905719'
R1_string_349,'GO:0000045'
R1_string_351,'GO:0110104'
R1_string_352,'GO:0019430'
R1_string_353,'GO:0007099'
R1_string_356,'GO:0001916'
R1_string_357,'GO:0051458'
R1_string_360,'GO:0042752'
R1_string_361,'GO:0035249'
R1_string_368,'GO:0009048'
R1_string_369,'GO:0060732'
R1_string_371,'GO:0000379'
R1_string_372,'GO:0051315'
R1_string_373,'GO:0070098'
R1_string_374,'GO:0140588'
R1_string_377,'GO:0044721'
R1_string_378,'GO:0001867'
R1_string_379,'GO:0010248'
R1_string_380,'GO:0007188'
R1_string_381,'GO:2000107'
R1_string_383,'GO:0045920'
R1_string_384,'GO:0071812'
R1_string_385,'GO:0051124'
R1_string_386,'GO:0010891'
R1_string_387,'GO:1904045'
R1_string_389,'GO:0007217'
R1_string_390,'GO:0018364'
R1_string_391,'GO:0001682'
R1_string_394,'GO:1904862'
R1_string_398,'GO:1903348'
R1_string_399,'GO:0051838'
R1_string_401,'GO:0014826'
R1_string_404,'GO:0071805'
R1_string_406,'GO:0062196'
R1_string_407,'GO:0019348'
R1_string_408,'GO:0098742'
R1_string_409,'GO:0036444'
R1_string_410,'GO:0016226'
R1_string_413,'GO:0001582'
R1_string_416,'GO:0002399'
R1_string_417,'GO:0019395'
R1_string_418,'GO:0072679'
R1_string_419,'GO:0035329'
R1_string_421,'GO:0072583'
R1_string_423,'GO:0098792'
R1_string_424,'GO:0062028'
R1_string_425,'GO:0006391'
R1_string_426,'GO:0031163'
R1_string_428,'GO:0031163'
R1_string_430,'GO:0099054'
R1_string_431,'GO:0001508'
R1_string_432,'GO:1901289'
R1_string_433,'GO:0007339'
R1_string_434,'GO:0006089'
R1_string_435,'GO:0042699'
