module,REAC_ID
K1_cpdb_1,'R-HSA-8948216'
K1_cpdb_5,'R-HSA-420499'
K1_cpdb_6,'R-HSA-418990'
K1_cpdb_8,'R-HSA-2172127'
K1_cpdb_10,'R-HSA-425407'
K1_cpdb_11,'R-HSA-380108'
K1_cpdb_12,'R-HSA-192456'
K1_cpdb_15,'R-HSA-912694'
K1_cpdb_16,'R-HSA-6809371'
K1_cpdb_18,'R-HSA-9752946'
K1_cpdb_19,'R-HSA-156588'
K1_cpdb_20,'R-HSA-1474228'
K1_cpdb_21,'R-HSA-156902'
K1_cpdb_22,'R-HSA-5368287'
K1_cpdb_23,'R-HSA-3238698'
K1_cpdb_24,'R-HSA-6811442'
K1_cpdb_25,'R-HSA-8876198'
K1_cpdb_27,'R-HSA-5620924'
K1_cpdb_28,'R-HSA-611105'
K1_cpdb_29,'R-HSA-162710'
K1_cpdb_30,'R-HSA-9843745'
K1_cpdb_32,'R-HSA-3238698'
K1_cpdb_34,'R-HSA-5419276'
K1_cpdb_37,'R-HSA-1502540'
K1_cpdb_42,'R-HSA-379726'
K1_cpdb_43,'R-HSA-190241'
K1_cpdb_46,'R-HSA-1296072'
K1_cpdb_47,'R-HSA-2172127'
K1_cpdb_49,'R-HSA-1592389'
K1_cpdb_50,'R-HSA-5389840'
K1_cpdb_51,'R-HSA-622323'
K1_cpdb_52,'R-HSA-622323'
K1_cpdb_56,'R-HSA-5602358'
K1_cpdb_58,'R-HSA-6809371'
K1_cpdb_59,'R-HSA-912694'
K1_cpdb_60,'R-HSA-1236978'
K1_cpdb_61,'R-HSA-6794361'
K1_cpdb_62,'R-HSA-500792'
K1_cpdb_66,'R-HSA-6809371'
K1_cpdb_69,'R-HSA-432720'
K1_cpdb_72,'R-HSA-73780'
K1_cpdb_74,'R-HSA-6811438'
K1_cpdb_76,'R-HSA-176412'
K1_cpdb_78,'R-HSA-429958'
K1_cpdb_83,'R-HSA-6811438'
K1_cpdb_85,'R-HSA-9615933'
K1_cpdb_91,'R-HSA-72702'
K1_cpdb_93,'R-HSA-390450'
K1_cpdb_121,'R-HSA-5669034'
K1_cpdb_131,'R-HSA-2187338'
K1_cpdb_135,'R-HSA-373076'
K1_cpdb_149,'R-HSA-444821'
K1_cpdb_158,'R-HSA-6783310'
K1_cpdb_173,'R-HSA-141444'
K1_cpdb_174,'R-HSA-380287'
K1_cpdb_175,'R-HSA-9754560'
K1_cpdb_181,'R-HSA-162588'
K1_cpdb_219,'R-HSA-211859'
K1_cpdb_220,'R-HSA-375281'
K1_cpdb_230,'R-HSA-420029'
K1_cpdb_248,'R-HSA-451927'
K1_cpdb_251,'R-HSA-977443'
K1_cpdb_261,'R-HSA-5690714'
K1_cpdb_270,'R-HSA-73863'
K1_cpdb_276,'R-HSA-5620916'
K1_cpdb_278,'R-HSA-432720'
K1_cpdb_280,'R-HSA-6811436'
K1_cpdb_281,'R-HSA-72731'
K1_cpdb_286,'R-HSA-6811434'
K1_cpdb_287,'R-HSA-379716'
K1_cpdb_288,'R-HSA-171306'
K1_cpdb_291,'R-HSA-435354'
K1_cpdb_300,'R-HSA-5620924'
K1_cpdb_322,'R-HSA-140837'
K1_cpdb_327,'R-HSA-392170'
K1_cpdb_328,'R-HSA-373076'
K1_cpdb_348,'R-HSA-2142789'
K1_cpdb_350,'R-HSA-1660661'
K1_cpdb_362,'R-HSA-75955'
K1_cpdb_364,'R-HSA-5625970'
K1_cpdb_367,'R-HSA-983170'
K1_cpdb_374,'R-HSA-5693571'
K1_cpdb_388,'R-HSA-9639288'
K1_cpdb_425,'R-HSA-418890'
K1_cpdb_428,'R-HSA-1362409'
K1_cpdb_436,'R-HSA-77595'
K1_cpdb_437,'R-HSA-69618'
K1_cpdb_438,'R-HSA-3247509'
K1_cpdb_440,'R-HSA-8868773'
K1_cpdb_442,'R-HSA-68877'
K1_cpdb_445,'R-HSA-164940'
K1_cpdb_446,'R-HSA-6811436'
K1_cpdb_448,'R-HSA-163210'
K1_cpdb_449,'R-HSA-1268020'
K1_cpdb_453,'R-HSA-75035'
K1_cpdb_468,'R-HSA-5620922'
K1_cpdb_472,'R-HSA-1362300'
K1_cpdb_474,'R-HSA-499943'
K1_cpdb_478,'R-HSA-211897'
K1_cpdb_479,'R-HSA-2206281'
K1_cpdb_480,'R-HSA-9840310'
K1_cpdb_483,'R-HSA-381426'
K1_cpdb_484,'R-HSA-1566948'
K1_cpdb_487,'R-HSA-2644607'
K1_cpdb_497,'R-HSA-167162'
K1_cpdb_502,'R-HSA-5661231'
K1_cpdb_508,'R-HSA-1630316'
K1_cpdb_518,'R-HSA-3065676'
K1_cpdb_523,'R-HSA-390522'
K1_cpdb_525,'R-HSA-432722'
K1_cpdb_526,'R-HSA-446353'
K1_cpdb_527,'R-HSA-3238698'
K1_cpdb_528,'R-HSA-917977'
K1_cpdb_531,'R-HSA-190840'
K1_cpdb_533,'R-HSA-420597'
K1_cpdb_537,'R-HSA-4641263'
K1_cpdb_549,'R-HSA-9758941'
K1_cpdb_550,'R-HSA-8939243'
K1_cpdb_567,'R-HSA-73780'
K1_cpdb_582,'R-HSA-5620912'
K1_cpdb_583,'R-HSA-5620912'
K1_cpdb_586,'R-HSA-983189'
K1_cpdb_595,'R-HSA-1799339'
K1_cpdb_596,'R-HSA-8873719'
K1_cpdb_598,'R-HSA-177243'
K1_cpdb_599,'R-HSA-379716'
K1_cpdb_600,'R-HSA-216083'
K1_cpdb_612,'R-HSA-380287'
K1_cpdb_613,'R-HSA-4655427'
K1_cpdb_622,'R-HSA-8868773'
K1_cpdb_629,'R-HSA-9013408'
K1_cpdb_634,'R-HSA-442755'
K1_cpdb_635,'R-HSA-3700989'
K1_cpdb_648,'R-HSA-373076'
K1_cpdb_650,'R-HSA-425407'
K1_cpdb_660,'R-HSA-9917777'
K1_cpdb_661,'R-HSA-15869'
K1_cpdb_662,'R-HSA-70263'
K1_cpdb_664,'R-HSA-9730628'
K1_cpdb_667,'R-HSA-8963899'
K1_cpdb_668,'R-HSA-72172'
K1_cpdb_669,'R-HSA-5663213'
K1_cpdb_677,'R-HSA-1250342'
K1_cpdb_678,'R-HSA-111459'
K1_cpdb_680,'R-HSA-9755779'
K1_cpdb_699,'R-HSA-212165'
K1_cpdb_708,'R-HSA-72163'
K1_cpdb_717,'R-HSA-9006335'
K1_cpdb_718,'R-HSA-512988'
K1_cpdb_719,'R-HSA-400685'
K1_cpdb_720,'R-HSA-9006934'
K1_cpdb_721,'R-HSA-111453'
K1_cpdb_736,'R-HSA-77595'
K1_cpdb_737,'R-HSA-8849471'
K1_cpdb_743,'R-HSA-9648895'
K1_cpdb_745,'R-HSA-5576891'
K1_cpdb_756,'R-HSA-75893'
K1_cpdb_757,'R-HSA-5676594'
K1_cpdb_759,'R-HSA-139853'
K1_cpdb_760,'R-HSA-140875'
K1_cpdb_764,'R-HSA-5619507'
K1_cpdb_765,'R-HSA-5620922'
K1_cpdb_767,'R-HSA-383280'
K1_cpdb_768,'R-HSA-416476'
K1_cpdb_781,'R-HSA-983168'
K1_cpdb_784,'R-HSA-500792'
K1_cpdb_786,'R-HSA-72187'
K1_cpdb_787,'R-HSA-72163'
K1_cpdb_788,'R-HSA-9013149'
K1_cpdb_789,'R-HSA-8856828'
K1_cpdb_796,'R-HSA-606279'
K1_cpdb_806,'R-HSA-425407'
K1_cpdb_807,'R-HSA-159740'
K1_cpdb_811,'R-HSA-5140745'
K1_cpdb_812,'R-HSA-198725'
K1_cpdb_813,'R-HSA-9733709'
K1_cpdb_814,'R-HSA-186712'
K1_cpdb_826,'R-HSA-975634'
K1_cpdb_827,'R-HSA-114608'
K1_cpdb_831,'R-HSA-390522'
K1_cpdb_832,'R-HSA-1368108'
K1_cpdb_834,'R-HSA-5690714'
K1_cpdb_844,'R-HSA-5663213'
K1_cpdb_845,'R-HSA-9707616'
K1_cpdb_846,'R-HSA-4090294'
K1_cpdb_847,'R-HSA-9709603'
K1_cpdb_848,'R-HSA-3371511'
K1_cpdb_856,'R-HSA-5627123'
K1_cpdb_858,'R-HSA-9675135'
K1_cpdb_859,'R-HSA-174417'
K1_cpdb_860,'R-HSA-68689'
K1_cpdb_866,'R-HSA-419812'
K1_cpdb_871,'R-HSA-3108214'
K1_cpdb_874,'R-HSA-8951664'
K1_cpdb_877,'R-HSA-167160'
K1_cpdb_881,'R-HSA-73894'
K1_cpdb_882,'R-HSA-6783310'
K1_cpdb_883,'R-HSA-8951664'
K1_cpdb_884,'R-HSA-8951664'
K1_humanbase_19,'R-HSA-9752946'
K1_humanbase_21,'R-HSA-1296072'
K1_humanbase_23,'R-HSA-73728'
K1_humanbase_29,'R-HSA-442660'
K1_humanbase_34,'R-HSA-211999'
K1_humanbase_41,'R-HSA-6809371'
K1_humanbase_71,'R-HSA-73886'
K1_humanbase_83,'R-HSA-68962'
K1_humanbase_91,'R-HSA-156842'
K1_humanbase_92,'R-HSA-156902'
K1_humanbase_99,'R-HSA-909733'
K1_humanbase_100,'R-HSA-909733'
K1_humanbase_138,'R-HSA-156590'
K1_humanbase_146,'R-HSA-948021'
K1_humanbase_163,'R-HSA-69620'
K1_humanbase_164,'R-HSA-69242'
K1_humanbase_186,'R-HSA-917977'
K1_humanbase_192,'R-HSA-1428517'
K1_humanbase_193,'R-HSA-1428517'
K1_humanbase_196,'R-HSA-6783783'
K1_humanbase_206,'R-HSA-1236978'
K1_humanbase_212,'R-HSA-450294'
K1_humanbase_224,'R-HSA-72203'
K1_humanbase_226,'R-HSA-5419276'
K1_humanbase_233,'R-HSA-909733'
K1_humanbase_255,'R-HSA-1679131'
K1_humanbase_265,'R-HSA-167162'
K1_humanbase_281,'R-HSA-6798695'
K1_humanbase_300,'R-HSA-6811434'
K1_humanbase_305,'R-HSA-1632852'
K1_humanbase_312,'R-HSA-5368286'
K1_humanbase_313,'R-HSA-6809371'
K1_humanbase_322,'R-HSA-611105'
K1_humanbase_323,'R-HSA-1428517'
K1_humanbase_329,'R-HSA-1474244'
K1_humanbase_330,'R-HSA-3000178'
K1_humanbase_331,'R-HSA-8957275'
K1_humanbase_334,'R-HSA-198933'
K1_humanbase_343,'R-HSA-72203'
K1_humanbase_344,'R-HSA-6804756'
K1_humanbase_348,'R-HSA-5389840'
K1_humanbase_349,'R-HSA-1428517'
K1_humanbase_350,'R-HSA-198933'
K1_humanbase_351,'R-HSA-198933'
K1_humanbase_352,'R-HSA-9031628'
K1_humanbase_353,'R-HSA-198725'
K1_humanbase_368,'R-HSA-6783310'
K1_humanbase_388,'R-HSA-877300'
K1_humanbase_396,'R-HSA-162599'
K1_humanbase_407,'R-HSA-72203'
K1_humanbase_416,'R-HSA-9843745'
K1_humanbase_478,'R-HSA-5419276'
K1_humanbase_521,'R-HSA-1660517'
K1_humanbase_538,'R-HSA-1482788'
K1_string_1,'R-HSA-72695'
K1_string_2,'R-HSA-5576886'
K1_string_4,'R-HSA-6809371'
K1_string_8,'R-HSA-156588'
K1_string_9,'R-HSA-5620912'
K1_string_11,'R-HSA-420029'
K1_string_12,'R-HSA-156590'
K1_string_14,'R-HSA-112314'
K1_string_15,'R-HSA-5389840'
K1_string_17,'R-HSA-1483206'
K1_string_18,'R-HSA-6799198'
K1_string_19,'R-HSA-913709'
K1_string_20,'R-HSA-73614'
K1_string_21,'R-HSA-8963899'
K1_string_22,'R-HSA-1300642'
K1_string_23,'R-HSA-3238698'
K1_string_24,'R-HSA-611105'
K1_string_27,'R-HSA-3656243'
K1_string_28,'R-HSA-6790901'
K1_string_29,'R-HSA-9037629'
K1_string_30,'R-HSA-190861'
K1_string_31,'R-HSA-199992'
K1_string_32,'R-HSA-5619507'
K1_string_33,'R-HSA-936837'
K1_string_34,'R-HSA-381340'
K1_string_35,'R-HSA-1482788'
K1_string_36,'R-HSA-77387'
K1_string_37,'R-HSA-181431'
K1_string_38,'R-HSA-912694'
K1_string_39,'R-HSA-1650814'
K1_string_41,'R-HSA-5368287'
K1_string_42,'R-HSA-5689880'
K1_string_43,'R-HSA-8850843'
K1_string_44,'R-HSA-5620924'
K1_string_45,'R-HSA-204005'
K1_string_46,'R-HSA-211897'
K1_string_47,'R-HSA-380108'
K1_string_48,'R-HSA-1855204'
K1_string_51,'R-HSA-1296041'
K1_string_52,'R-HSA-201451'
K1_string_54,'R-HSA-198933'
K1_string_55,'R-HSA-6807878'
K1_string_56,'R-HSA-6809371'
K1_string_57,'R-HSA-190241'
K1_string_59,'R-HSA-1296072'
K1_string_60,'R-HSA-3000157'
K1_string_61,'R-HSA-1236978'
K1_string_62,'R-HSA-141430'
K1_string_64,'R-HSA-5576892'
K1_string_65,'R-HSA-606279'
K1_string_66,'R-HSA-72312'
K1_string_67,'R-HSA-170660'
K1_string_68,'R-HSA-5576894'
K1_string_69,'R-HSA-390522'
K1_string_70,'R-HSA-2122948'
K1_string_73,'R-HSA-181429'
K1_string_78,'R-HSA-9730628'
K1_string_79,'R-HSA-1296346'
K1_string_84,'R-HSA-3214841'
K1_string_85,'R-HSA-5669034'
K1_string_95,'R-HSA-380270'
K1_string_106,'R-HSA-6802952'
K1_string_119,'R-HSA-9630750'
K1_string_134,'R-HSA-75876'
K1_string_135,'R-HSA-1663150'
K1_string_139,'R-HSA-210991'
K1_string_141,'R-HSA-76046'
K1_string_143,'R-HSA-72187'
K1_string_144,'R-HSA-170822'
K1_string_145,'R-HSA-3214815'
K1_string_146,'R-HSA-73728'
K1_string_148,'R-HSA-1221632'
K1_string_149,'R-HSA-3108214'
K1_string_151,'R-HSA-1799339'
K1_string_152,'R-HSA-192823'
K1_string_153,'R-HSA-73776'
K1_string_156,'R-HSA-8951664'
K1_string_157,'R-HSA-375276'
K1_string_161,'R-HSA-1300645'
K1_string_163,'R-HSA-166665'
K1_string_164,'R-HSA-6783310'
K1_string_166,'R-HSA-72172'
K1_string_167,'R-HSA-72172'
K1_string_168,'R-HSA-450513'
K1_string_170,'R-HSA-72172'
K1_string_173,'R-HSA-3928665'
K1_string_174,'R-HSA-380972'
K1_string_178,'R-HSA-5689877'
K1_string_180,'R-HSA-392518'
K1_string_181,'R-HSA-373080'
K1_string_182,'R-HSA-611105'
K1_string_183,'R-HSA-8949613'
K1_string_184,'R-HSA-9673221'
K1_string_185,'R-HSA-388844'
K1_string_186,'R-HSA-193775'
K1_string_187,'R-HSA-177128'
K1_string_188,'R-HSA-901032'
K1_string_189,'R-HSA-917729'
K1_string_191,'R-HSA-418990'
K1_string_192,'R-HSA-6794361'
K1_string_193,'R-HSA-1296061'
K1_string_198,'R-HSA-209822'
K1_string_199,'R-HSA-2534343'
K1_string_205,'R-HSA-5620922'
K1_string_206,'R-HSA-187687'
K1_string_223,'R-HSA-380284'
K1_string_228,'R-HSA-390450'
K1_string_229,'R-HSA-3371453'
K1_string_232,'R-HSA-9639288'
K1_string_243,'R-HSA-166208'
K1_string_250,'R-HSA-1474228'
K1_string_252,'R-HSA-5683826'
K1_string_254,'R-HSA-6807505'
K1_string_257,'R-HSA-389977'
K1_string_258,'R-HSA-3214847'
K1_string_259,'R-HSA-4839726'
K1_string_261,'R-HSA-373076'
K1_string_262,'R-HSA-977606'
K1_string_268,'R-HSA-68962'
K1_string_269,'R-HSA-9012999'
K1_string_270,'R-HSA-193648'
K1_string_272,'R-HSA-2172127'
K1_string_273,'R-HSA-982772'
K1_string_274,'R-HSA-4839735'
K1_string_277,'R-HSA-390522'
K1_string_279,'R-HSA-9033241'
K1_string_280,'R-HSA-8978868'
K1_string_285,'R-HSA-3295583'
K1_string_292,'R-HSA-1362300'
K1_string_293,'R-HSA-2197563'
K1_string_296,'R-HSA-446353'
K1_string_297,'R-HSA-1483255'
K1_string_307,'R-HSA-70221'
K1_string_314,'R-HSA-6809371'
K1_string_317,'R-HSA-442720'
K1_string_321,'R-HSA-112382'
K1_string_328,'R-HSA-428157'
K1_string_342,'R-HSA-167238'
K1_string_343,'R-HSA-167161'
K1_string_345,'R-HSA-8873719'
K1_string_346,'R-HSA-5620916'
K1_string_347,'R-HSA-6811436'
K1_string_348,'R-HSA-983189'
K1_string_349,'R-HSA-420499'
K1_string_359,'R-HSA-180024'
K1_string_360,'R-HSA-2465910'
K1_string_361,'R-HSA-9652817'
K1_string_364,'R-HSA-1268020'
K1_string_367,'R-HSA-983168'
K1_string_368,'R-HSA-983168'
K1_string_369,'R-HSA-917729'
K1_string_374,'R-HSA-156584'
K1_string_376,'R-HSA-9917777'
K1_string_378,'R-HSA-8951671'
K1_string_379,'R-HSA-383280'
K1_string_380,'R-HSA-5357786'
K1_string_381,'R-HSA-8876198'
K1_string_390,'R-HSA-9634600'
K1_string_392,'R-HSA-9755779'
K1_string_393,'R-HSA-70221'
K1_string_396,'R-HSA-73843'
K1_string_398,'R-HSA-389957'
K1_string_403,'R-HSA-168276'
K1_string_404,'R-HSA-8951664'
K1_string_407,'R-HSA-9687139'
K1_string_410,'R-HSA-2142753'
K1_string_411,'R-HSA-432047'
K1_string_412,'R-HSA-8949664'
K1_string_413,'R-HSA-400511'
K1_string_415,'R-HSA-1660661'
K1_string_416,'R-HSA-2672351'
K1_string_417,'R-HSA-71737'
K1_string_419,'R-HSA-9017802'
K1_string_421,'R-HSA-1483226'
K1_string_423,'R-HSA-1632852'
K1_string_426,'R-HSA-4641265'
K1_string_427,'R-HSA-3769402'
K1_string_428,'R-HSA-9733709'
K1_string_429,'R-HSA-9031628'
K1_string_430,'R-HSA-418555'
K1_string_431,'R-HSA-2022928'
K1_string_435,'R-HSA-5693579'
K1_string_436,'R-HSA-73933'
K1_string_438,'R-HSA-210993'
K1_string_440,'R-HSA-72306'
K1_string_442,'R-HSA-5663213'
K1_string_443,'R-HSA-71403'
K1_string_447,'R-HSA-888593'
K1_string_452,'R-HSA-3214815'
K1_string_453,'R-HSA-8866907'
K1_string_454,'R-HSA-9031628'
K1_string_455,'R-HSA-75158'
K1_string_456,'R-HSA-9013148'
K1_string_457,'R-HSA-8856828'
K1_string_458,'R-HSA-5674499'
K1_string_468,'R-HSA-5620912'
K1_string_472,'R-HSA-6809371'
K1_string_475,'R-HSA-3371568'
K1_string_482,'R-HSA-936837'
K1_string_485,'R-HSA-9603798'
K1_string_486,'R-HSA-162791'
K1_string_487,'R-HSA-428643'
K1_string_488,'R-HSA-426117'
K1_string_495,'R-HSA-373076'
K1_string_496,'R-HSA-373076'
K1_string_497,'R-HSA-1474244'
K1_string_498,'R-HSA-1462054'
K1_string_499,'R-HSA-3000497'
K1_string_502,'R-HSA-1250342'
K1_string_504,'R-HSA-6782315'
K1_string_505,'R-HSA-8868773'
K1_string_506,'R-HSA-167826'
K1_string_509,'R-HSA-420029'
K1_string_512,'R-HSA-382556'
K1_string_515,'R-HSA-210744'
K1_string_516,'R-HSA-909733'
K1_string_517,'R-HSA-168188'
K1_string_518,'R-HSA-5357956'
K1_string_523,'R-HSA-351202'
K1_string_529,'R-HSA-2691230'
K1_string_535,'R-HSA-70326'
K1_string_536,'R-HSA-3065676'
K1_string_547,'R-HSA-75105'
K1_string_549,'R-HSA-192105'
K1_string_550,'R-HSA-382556'
K1_string_551,'R-HSA-1566948'
K1_string_556,'R-HSA-4420097'
K1_string_557,'R-HSA-5637810'
K1_string_560,'R-HSA-8978868'
K1_string_561,'R-HSA-4641263'
K1_string_562,'R-HSA-9013149'
K1_string_566,'R-HSA-432047'
K1_string_567,'R-HSA-350054'
K1_string_568,'R-HSA-9648895'
K1_string_570,'R-HSA-5674400'
K1_string_574,'R-HSA-6799990'
K1_string_580,'R-HSA-2395516'
K1_string_597,'R-HSA-1474244'
K1_string_598,'R-HSA-1592389'
K1_string_599,'R-HSA-166786'
K1_string_601,'R-HSA-5658034'
K1_string_602,'R-HSA-426486'
K1_string_603,'R-HSA-379724'
K1_string_607,'R-HSA-6794362'
K1_string_609,'R-HSA-375276'
K1_string_612,'R-HSA-428157'
K1_string_614,'R-HSA-8941326'
K1_string_616,'R-HSA-8951664'
K1_string_630,'R-HSA-2672351'
K1_string_633,'R-HSA-83936'
K1_string_634,'R-HSA-425986'
K1_string_638,'R-HSA-3359463'
K1_string_639,'R-HSA-166658'
K1_string_640,'R-HSA-1592389'
K1_string_643,'R-HSA-163210'
K1_string_645,'R-HSA-877300'
K1_string_646,'R-HSA-5688426'
K1_string_650,'R-HSA-9648002'
K1_string_651,'R-HSA-3108232'
K1_string_654,'R-HSA-168898'
K1_string_658,'R-HSA-6809371'
K1_string_665,'R-HSA-3299685'
K1_string_668,'R-HSA-425393'
K1_string_669,'R-HSA-418359'
K1_string_670,'R-HSA-196780'
K1_string_672,'R-HSA-9648002'
K1_string_675,'R-HSA-198933'
K1_string_680,'R-HSA-1428517'
K1_string_681,'R-HSA-1268020'
K1_string_682,'R-HSA-70171'
K1_string_687,'R-HSA-9617828'
K1_string_688,'R-HSA-171007'
K1_string_697,'R-HSA-73894'
K1_string_700,'R-HSA-425381'
K1_string_706,'R-HSA-9022927'
K1_string_707,'R-HSA-901042'
K1_string_711,'R-HSA-209931'
K1_string_716,'R-HSA-3134963'
K1_string_726,'R-HSA-3065679'
K1_string_728,'R-HSA-2206281'
K1_string_731,'R-HSA-446205'
K1_string_736,'R-HSA-2022870'
K1_string_745,'R-HSA-5620912'
K1_string_746,'R-HSA-141444'
K1_string_757,'R-HSA-1630316'
K1_string_758,'R-HSA-3878781'
K1_string_763,'R-HSA-70263'
K1_string_764,'R-HSA-444821'
K1_string_766,'R-HSA-9639288'
K1_string_772,'R-HSA-426117'
K1_string_773,'R-HSA-8863678'
K1_string_775,'R-HSA-9840309'
K1_string_778,'R-HSA-3371599'
K1_string_779,'R-HSA-375276'
K1_string_781,'R-HSA-9733458'
K1_string_788,'R-HSA-5578775'
K1_string_791,'R-HSA-72731'
K1_string_795,'R-HSA-975577'
K1_string_796,'R-HSA-2980767'
K1_string_798,'R-HSA-5661231'
K1_string_799,'R-HSA-1483191'
K1_string_802,'R-HSA-6798695'
K1_string_803,'R-HSA-381426'
K1_string_807,'R-HSA-162710'
K1_string_816,'R-HSA-8964572'
K1_string_819,'R-HSA-71336'
K1_string_820,'R-HSA-71291'
K1_string_826,'R-HSA-6809371'
K1_string_827,'R-HSA-427975'
K1_string_829,'R-HSA-6805567'
K1_string_830,'R-HSA-9662361'
K1_string_832,'R-HSA-435368'
K1_string_837,'R-HSA-425407'
K1_string_838,'R-HSA-375276'
K1_string_839,'R-HSA-420029'
K1_string_844,'R-HSA-1461957'
K1_string_849,'R-HSA-139853'
K1_string_853,'R-HSA-5083636'
K1_string_856,'R-HSA-2142700'
K1_string_858,'R-HSA-375281'
K1_string_863,'R-HSA-629594'
M1_cpdb_1,'R-HSA-5368287'
M1_cpdb_4,'R-HSA-201451'
M1_cpdb_6,'R-HSA-1428517'
M1_cpdb_7,'R-HSA-383280'
M1_cpdb_8,'R-HSA-140877'
M1_cpdb_9,'R-HSA-983168'
M1_cpdb_10,'R-HSA-68952'
M1_cpdb_11,'R-HSA-1632852'
M1_cpdb_12,'R-HSA-8939242'
M1_cpdb_13,'R-HSA-156902'
M1_cpdb_14,'R-HSA-5632681'
M1_cpdb_15,'R-HSA-168898'
M1_cpdb_16,'R-HSA-9648895'
M1_cpdb_17,'R-HSA-3214847'
M1_cpdb_19,'R-HSA-9013148'
M1_cpdb_20,'R-HSA-72163'
M1_cpdb_21,'R-HSA-5663213'
M1_cpdb_22,'R-HSA-418594'
M1_cpdb_23,'R-HSA-8873719'
M1_cpdb_24,'R-HSA-3108232'
M1_cpdb_25,'R-HSA-211733'
M1_cpdb_27,'R-HSA-5620912'
M1_cpdb_28,'R-HSA-171306'
M1_cpdb_29,'R-HSA-421270'
M1_cpdb_30,'R-HSA-9696270'
M1_cpdb_31,'R-HSA-5389840'
M1_cpdb_32,'R-HSA-264876'
M1_cpdb_33,'R-HSA-1268020'
M1_cpdb_34,'R-HSA-211859'
M1_cpdb_36,'R-HSA-164940'
M1_cpdb_37,'R-HSA-901032'
M1_cpdb_39,'R-HSA-6783310'
M1_cpdb_40,'R-HSA-3238698'
M1_cpdb_41,'R-HSA-74217'
M1_cpdb_43,'R-HSA-141424'
M1_cpdb_45,'R-HSA-2028269'
M1_cpdb_46,'R-HSA-6811438'
M1_cpdb_47,'R-HSA-429958'
M1_cpdb_48,'R-HSA-380108'
M1_cpdb_49,'R-HSA-445095'
M1_cpdb_51,'R-HSA-975956'
M1_cpdb_53,'R-HSA-6809371'
M1_cpdb_54,'R-HSA-425393'
M1_cpdb_55,'R-HSA-77387'
M1_cpdb_56,'R-HSA-72163'
M1_cpdb_57,'R-HSA-912631'
M1_cpdb_58,'R-HSA-2022090'
M1_cpdb_59,'R-HSA-6782315'
M1_cpdb_61,'R-HSA-111453'
M1_cpdb_63,'R-HSA-4641265'
M1_cpdb_64,'R-HSA-6803207'
M1_cpdb_66,'R-HSA-73780'
M1_cpdb_67,'R-HSA-3000157'
M1_cpdb_69,'R-HSA-139853'
M1_cpdb_70,'R-HSA-6807505'
M1_cpdb_71,'R-HSA-1482922'
M1_cpdb_72,'R-HSA-3769402'
M1_cpdb_73,'R-HSA-442982'
M1_cpdb_75,'R-HSA-8963899'
M1_cpdb_76,'R-HSA-1566948'
M1_cpdb_77,'R-HSA-68962'
M1_cpdb_78,'R-HSA-6802948'
M1_cpdb_79,'R-HSA-982772'
M1_cpdb_80,'R-HSA-9652817'
M1_cpdb_81,'R-HSA-9843745'
M1_cpdb_83,'R-HSA-5617472'
M1_cpdb_85,'R-HSA-8939243'
M1_cpdb_86,'R-HSA-549132'
M1_cpdb_87,'R-HSA-4839748'
M1_cpdb_88,'R-HSA-948021'
M1_cpdb_89,'R-HSA-399721'
M1_cpdb_90,'R-HSA-9675135'
M1_cpdb_91,'R-HSA-8856828'
M1_cpdb_92,'R-HSA-434316'
M1_cpdb_94,'R-HSA-112382'
M1_cpdb_95,'R-HSA-977606'
M1_cpdb_96,'R-HSA-9007101'
M1_cpdb_98,'R-HSA-425407'
M1_cpdb_99,'R-HSA-8951664'
M1_cpdb_102,'R-HSA-177243'
M1_cpdb_103,'R-HSA-5223345'
M1_cpdb_105,'R-HSA-9639288'
M1_cpdb_108,'R-HSA-6790901'
M1_cpdb_109,'R-HSA-450294'
M1_cpdb_111,'R-HSA-1296072'
M1_cpdb_112,'R-HSA-8982491'
M1_cpdb_114,'R-HSA-432720'
M1_cpdb_115,'R-HSA-5696394'
M1_cpdb_116,'R-HSA-1474228'
M1_cpdb_117,'R-HSA-6811436'
M1_cpdb_118,'R-HSA-5669034'
M1_cpdb_119,'R-HSA-420092'
M1_cpdb_120,'R-HSA-6783310'
M1_cpdb_122,'R-HSA-2142789'
M1_cpdb_123,'R-HSA-6783589'
M1_cpdb_124,'R-HSA-5624138'
M1_cpdb_125,'R-HSA-912694'
M1_cpdb_126,'R-HSA-1362300'
M1_cpdb_128,'R-HSA-72163'
M1_cpdb_129,'R-HSA-389960'
M1_cpdb_131,'R-HSA-2206281'
M1_cpdb_132,'R-HSA-72731'
M1_cpdb_133,'R-HSA-3359473'
M1_cpdb_134,'R-HSA-5627117'
M1_cpdb_137,'R-HSA-8943724'
M1_cpdb_138,'R-HSA-5663213'
M1_cpdb_139,'R-HSA-166662'
M1_cpdb_141,'R-HSA-9754560'
M1_cpdb_142,'R-HSA-193697'
M1_cpdb_144,'R-HSA-500792'
M1_cpdb_145,'R-HSA-73980'
M1_cpdb_146,'R-HSA-3108214'
M1_cpdb_148,'R-HSA-9603798'
M1_cpdb_149,'R-HSA-5620924'
M1_cpdb_150,'R-HSA-5620924'
M1_cpdb_153,'R-HSA-3928664'
M1_cpdb_156,'R-HSA-5679096'
M1_cpdb_157,'R-HSA-75158'
M1_cpdb_158,'R-HSA-392517'
M1_cpdb_159,'R-HSA-5625970'
M1_cpdb_160,'R-HSA-5620922'
M1_cpdb_161,'R-HSA-9020933'
M1_cpdb_162,'R-HSA-3299685'
M1_cpdb_163,'R-HSA-71403'
M1_cpdb_165,'R-HSA-167161'
M1_cpdb_166,'R-HSA-9013408'
M1_cpdb_167,'R-HSA-375276'
M1_cpdb_168,'R-HSA-418555'
M1_cpdb_169,'R-HSA-375281'
M1_cpdb_170,'R-HSA-9662361'
M1_cpdb_174,'R-HSA-373755'
M1_cpdb_175,'R-HSA-6809371'
M1_cpdb_176,'R-HSA-8866907'
M1_cpdb_177,'R-HSA-5357786'
M1_cpdb_178,'R-HSA-6799198'
M1_cpdb_179,'R-HSA-70263'
M1_cpdb_181,'R-HSA-162791'
M1_cpdb_185,'R-HSA-446388'
M1_cpdb_187,'R-HSA-5693554'
M1_cpdb_189,'R-HSA-525793'
M1_cpdb_190,'R-HSA-5668599'
M1_cpdb_191,'R-HSA-426486'
M1_cpdb_192,'R-HSA-110313'
M1_cpdb_195,'R-HSA-391908'
M1_cpdb_197,'R-HSA-72163'
M1_cpdb_198,'R-HSA-9033241'
M1_cpdb_199,'R-HSA-180024'
M1_cpdb_201,'R-HSA-9687136'
M1_cpdb_203,'R-HSA-162710'
M1_cpdb_204,'R-HSA-3214847'
M1_cpdb_205,'R-HSA-141333'
M1_cpdb_206,'R-HSA-1296072'
M1_cpdb_207,'R-HSA-1234176'
M1_cpdb_210,'R-HSA-390522'
M1_cpdb_211,'R-HSA-397014'
M1_cpdb_212,'R-HSA-5689901'
M1_cpdb_213,'R-HSA-71336'
M1_cpdb_214,'R-HSA-1566977'
M1_cpdb_217,'R-HSA-432047'
M1_cpdb_218,'R-HSA-3214847'
M1_cpdb_219,'R-HSA-8964315'
M1_cpdb_220,'R-HSA-1980145'
M1_cpdb_221,'R-HSA-77595'
M1_cpdb_224,'R-HSA-2161517'
M1_cpdb_225,'R-HSA-418555'
M1_cpdb_229,'R-HSA-2172127'
M1_cpdb_230,'R-HSA-112308'
M1_cpdb_233,'R-HSA-72165'
M1_cpdb_234,'R-HSA-72702'
M1_cpdb_250,'R-HSA-1296041'
M1_cpdb_251,'R-HSA-9013149'
M1_cpdb_252,'R-HSA-390696'
M1_cpdb_253,'R-HSA-111447'
M1_cpdb_254,'R-HSA-1362409'
M1_cpdb_255,'R-HSA-202430'
M1_cpdb_256,'R-HSA-8856825'
M1_cpdb_257,'R-HSA-5620924'
M1_cpdb_260,'R-HSA-156590'
M1_cpdb_261,'R-HSA-163560'
M1_cpdb_262,'R-HSA-8854691'
M1_cpdb_264,'R-HSA-5576894'
M1_cpdb_268,'R-HSA-8957275'
M1_cpdb_269,'R-HSA-418990'
M1_cpdb_270,'R-HSA-390522'
M1_cpdb_277,'R-HSA-1660499'
M1_cpdb_279,'R-HSA-2871809'
M1_cpdb_281,'R-HSA-9671793'
M1_cpdb_282,'R-HSA-8964038'
M1_cpdb_286,'R-HSA-446205'
M1_cpdb_288,'R-HSA-209968'
M1_cpdb_289,'R-HSA-211999'
M1_cpdb_290,'R-HSA-8951664'
M1_cpdb_292,'R-HSA-6809371'
M1_cpdb_293,'R-HSA-936440'
M1_cpdb_296,'R-HSA-8939243'
M1_cpdb_297,'R-HSA-6809371'
M1_cpdb_298,'R-HSA-2470946'
M1_cpdb_301,'R-HSA-1187000'
M1_cpdb_303,'R-HSA-4755609'
M1_cpdb_304,'R-HSA-9619229'
M1_cpdb_309,'R-HSA-419812'
M1_cpdb_311,'R-HSA-5619099'
M1_cpdb_314,'R-HSA-9754678'
M1_cpdb_315,'R-HSA-5620924'
M1_cpdb_317,'R-HSA-392154'
M1_cpdb_318,'R-HSA-5696394'
M1_cpdb_324,'R-HSA-8851680'
M1_cpdb_325,'R-HSA-428542'
M1_cpdb_326,'R-HSA-9917777'
M1_cpdb_327,'R-HSA-177504'
M1_cpdb_328,'R-HSA-176974'
M1_cpdb_335,'R-HSA-399956'
M1_cpdb_336,'R-HSA-8866654'
M1_cpdb_338,'R-HSA-909733'
M1_cpdb_339,'R-HSA-6794361'
M1_cpdb_346,'R-HSA-1247673'
M1_cpdb_348,'R-HSA-2032785'
M1_cpdb_349,'R-HSA-379716'
M1_cpdb_351,'R-HSA-114604'
M1_cpdb_352,'R-HSA-2028269'
M1_cpdb_353,'R-HSA-73776'
M1_cpdb_355,'R-HSA-163841'
M1_cpdb_358,'R-HSA-1296025'
M1_cpdb_359,'R-HSA-2453902'
M1_cpdb_360,'R-HSA-9749641'
M1_cpdb_361,'R-HSA-1660661'
M1_cpdb_364,'R-HSA-1296052'
M1_cpdb_371,'R-HSA-6793080'
M1_cpdb_379,'R-HSA-6803157'
M1_cpdb_384,'R-HSA-77595'
M1_cpdb_388,'R-HSA-156584'
M1_cpdb_391,'R-HSA-388844'
M1_cpdb_402,'R-HSA-77595'
M1_cpdb_403,'R-HSA-983168'
M1_cpdb_409,'R-HSA-3000170'
M1_cpdb_410,'R-HSA-3000157'
M1_cpdb_411,'R-HSA-141444'
M1_cpdb_415,'R-HSA-3928663'
M1_cpdb_416,'R-HSA-629597'
M1_cpdb_417,'R-HSA-193775'
M1_cpdb_418,'R-HSA-2485179'
M1_cpdb_426,'R-HSA-5620912'
M1_cpdb_430,'R-HSA-71288'
M1_cpdb_435,'R-HSA-176974'
M1_cpdb_437,'R-HSA-373753'
M1_cpdb_440,'R-HSA-6811436'
M1_cpdb_441,'R-HSA-9754119'
M1_cpdb_442,'R-HSA-379726'
M1_cpdb_444,'R-HSA-194306'
M1_cpdb_446,'R-HSA-2514859'
M1_cpdb_450,'R-HSA-2161517'
M1_cpdb_452,'R-HSA-112126'
M1_cpdb_457,'R-HSA-6790901'
M1_cpdb_466,'R-HSA-611105'
M1_cpdb_470,'R-HSA-380287'
M1_cpdb_471,'R-HSA-201688'
M1_cpdb_477,'R-HSA-8851680'
M1_cpdb_479,'R-HSA-113510'
M1_cpdb_480,'R-HSA-179409'
M1_cpdb_481,'R-HSA-5607764'
M1_cpdb_482,'R-HSA-6811434'
M1_cpdb_486,'R-HSA-3928664'
M1_cpdb_488,'R-HSA-9634600'
M1_cpdb_497,'R-HSA-190840'
M1_cpdb_498,'R-HSA-76066'
M1_cpdb_499,'R-HSA-69091'
M1_cpdb_500,'R-HSA-2514853'
M1_cpdb_508,'R-HSA-9013026'
M1_cpdb_509,'R-HSA-111957'
M1_cpdb_512,'R-HSA-1483213'
M1_cpdb_516,'R-HSA-6791226'
M1_cpdb_518,'R-HSA-9833576'
M1_cpdb_519,'R-HSA-5674400'
M1_cpdb_521,'R-HSA-112382'
M1_cpdb_522,'R-HSA-204174'
M1_cpdb_528,'R-HSA-112382'
M1_cpdb_530,'R-HSA-192456'
M1_cpdb_537,'R-HSA-72187'
M1_cpdb_538,'R-HSA-927802'
M1_cpdb_540,'R-HSA-177539'
M1_cpdb_541,'R-HSA-194441'
M1_cpdb_544,'R-HSA-3371599'
M1_cpdb_554,'R-HSA-727802'
M1_cpdb_555,'R-HSA-1482922'
M1_cpdb_556,'R-HSA-156590'
M1_cpdb_558,'R-HSA-202733'
M1_cpdb_563,'R-HSA-1362277'
M1_cpdb_564,'R-HSA-3065676'
M1_cpdb_585,'R-HSA-72731'
M1_cpdb_596,'R-HSA-72163'
M1_cpdb_598,'R-HSA-426048'
M1_cpdb_604,'R-HSA-210993'
M1_cpdb_608,'R-HSA-3785653'
M1_cpdb_611,'R-HSA-444821'
M1_cpdb_614,'R-HSA-9680350'
M1_cpdb_630,'R-HSA-6799990'
M1_cpdb_634,'R-HSA-9664873'
M1_cpdb_642,'R-HSA-420499'
M1_cpdb_647,'R-HSA-1296061'
M1_cpdb_653,'R-HSA-1433617'
M1_cpdb_656,'R-HSA-2142850'
M1_cpdb_660,'R-HSA-156588'
M1_cpdb_662,'R-HSA-375276'
M1_cpdb_674,'R-HSA-72187'
M1_humanbase_1,'R-HSA-909733'
M1_humanbase_2,'R-HSA-1428517'
M1_humanbase_3,'R-HSA-72203'
M1_humanbase_4,'R-HSA-68877'
M1_humanbase_5,'R-HSA-69190'
M1_humanbase_6,'R-HSA-156902'
M1_humanbase_7,'R-HSA-5389840'
M1_humanbase_8,'R-HSA-180585'
M1_humanbase_9,'R-HSA-156827'
M1_humanbase_10,'R-HSA-6785807'
M1_humanbase_11,'R-HSA-381070'
M1_humanbase_12,'R-HSA-1236978'
M1_humanbase_13,'R-HSA-72163'
M1_humanbase_14,'R-HSA-379716'
M1_humanbase_15,'R-HSA-909733'
M1_humanbase_18,'R-HSA-191273'
M1_humanbase_20,'R-HSA-3371568'
M1_humanbase_24,'R-HSA-168142'
M1_humanbase_25,'R-HSA-4341670'
M1_humanbase_27,'R-HSA-6798695'
M1_humanbase_30,'R-HSA-171306'
M1_humanbase_31,'R-HSA-2470946'
M1_humanbase_34,'R-HSA-114604'
M1_humanbase_35,'R-HSA-1500931'
M1_humanbase_37,'R-HSA-1428517'
M1_humanbase_39,'R-HSA-202430'
M1_humanbase_41,'R-HSA-71403'
M1_humanbase_44,'R-HSA-9687136'
M1_humanbase_46,'R-HSA-141424'
M1_humanbase_48,'R-HSA-162906'
M1_humanbase_53,'R-HSA-75158'
M1_humanbase_63,'R-HSA-72163'
M1_humanbase_72,'R-HSA-6783783'
M1_humanbase_82,'R-HSA-69273'
M1_humanbase_83,'R-HSA-426486'
M1_humanbase_88,'R-HSA-167162'
M1_humanbase_90,'R-HSA-9833576'
M1_humanbase_91,'R-HSA-168927'
M1_humanbase_98,'R-HSA-6783310'
M1_humanbase_100,'R-HSA-9664407'
M1_humanbase_102,'R-HSA-5626467'
M1_humanbase_104,'R-HSA-5389840'
M1_humanbase_108,'R-HSA-15869'
M1_humanbase_113,'R-HSA-392451'
M1_humanbase_115,'R-HSA-909733'
M1_humanbase_143,'R-HSA-2562578'
M1_humanbase_147,'R-HSA-6804115'
M1_humanbase_148,'R-HSA-199977'
M1_humanbase_149,'R-HSA-109606'
M1_humanbase_151,'R-HSA-389359'
M1_humanbase_157,'R-HSA-9709603'
M1_humanbase_161,'R-HSA-3000157'
M1_humanbase_179,'R-HSA-975110'
M1_humanbase_187,'R-HSA-8941333'
M1_humanbase_188,'R-HSA-2142770'
M1_humanbase_192,'R-HSA-168271'
M1_humanbase_200,'R-HSA-450341'
M1_humanbase_215,'R-HSA-190840'
M1_humanbase_219,'R-HSA-379716'
M1_humanbase_220,'R-HSA-8851680'
M1_humanbase_224,'R-HSA-69239'
M1_humanbase_232,'R-HSA-77288'
M1_humanbase_233,'R-HSA-5693548'
M1_humanbase_237,'R-HSA-352230'
M1_humanbase_239,'R-HSA-1799339'
M1_humanbase_242,'R-HSA-6811555'
M1_humanbase_251,'R-HSA-912526'
M1_humanbase_258,'R-HSA-9648895'
M1_humanbase_274,'R-HSA-9603798'
M1_humanbase_283,'R-HSA-6799990'
M1_humanbase_290,'R-HSA-8963898'
M1_humanbase_306,'R-HSA-8985947'
M1_humanbase_311,'R-HSA-9793242'
M1_humanbase_316,'R-HSA-9027276'
M1_humanbase_317,'R-HSA-8957275'
M1_humanbase_322,'R-HSA-6811434'
M1_humanbase_331,'R-HSA-9818028'
M1_humanbase_332,'R-HSA-8941856'
M1_humanbase_338,'R-HSA-426496'
M1_humanbase_342,'R-HSA-193775'
M1_humanbase_343,'R-HSA-156590'
M1_humanbase_375,'R-HSA-9754678'
M1_humanbase_376,'R-HSA-9661069'
M1_humanbase_378,'R-HSA-4655427'
M1_humanbase_379,'R-HSA-9017802'
M1_humanbase_388,'R-HSA-8851708'
M1_humanbase_389,'R-HSA-159227'
M1_humanbase_390,'R-HSA-202670'
M1_humanbase_391,'R-HSA-8951664'
M1_humanbase_401,'R-HSA-68689'
M1_humanbase_412,'R-HSA-1236973'
M1_humanbase_431,'R-HSA-1368082'
M1_humanbase_441,'R-HSA-983170'
M1_humanbase_450,'R-HSA-72163'
M1_humanbase_474,'R-HSA-5205685'
M1_humanbase_479,'R-HSA-72163'
M1_humanbase_480,'R-HSA-1251932'
M1_humanbase_487,'R-HSA-948021'
M1_humanbase_494,'R-HSA-5357786'
M1_humanbase_502,'R-HSA-449836'
M1_humanbase_507,'R-HSA-75035'
M1_humanbase_518,'R-HSA-110312'
M1_humanbase_520,'R-HSA-8956320'
M1_humanbase_562,'R-HSA-166208'
M1_humanbase_574,'R-HSA-164944'
M1_humanbase_575,'R-HSA-8949215'
M1_humanbase_594,'R-HSA-2644607'
M1_humanbase_596,'R-HSA-9733709'
M1_humanbase_607,'R-HSA-4090294'
M1_humanbase_625,'R-HSA-5602498'
M1_string_1,'R-HSA-174824'
M1_string_2,'R-HSA-5368286'
M1_string_3,'R-HSA-418990'
M1_string_4,'R-HSA-5619507'
M1_string_5,'R-HSA-912694'
M1_string_6,'R-HSA-199992'
M1_string_7,'R-HSA-1632852'
M1_string_8,'R-HSA-112314'
M1_string_9,'R-HSA-8951664'
M1_string_10,'R-HSA-8868773'
M1_string_11,'R-HSA-1483206'
M1_string_12,'R-HSA-73728'
M1_string_13,'R-HSA-2028269'
M1_string_14,'R-HSA-6805567'
M1_string_15,'R-HSA-917729'
M1_string_16,'R-HSA-72702'
M1_string_17,'R-HSA-211733'
M1_string_18,'R-HSA-71291'
M1_string_20,'R-HSA-380287'
M1_string_21,'R-HSA-1799339'
M1_string_22,'R-HSA-5635851'
M1_string_23,'R-HSA-141405'
M1_string_24,'R-HSA-8951664'
M1_string_25,'R-HSA-3371568'
M1_string_26,'R-HSA-166658'
M1_string_27,'R-HSA-1483255'
M1_string_28,'R-HSA-6783310'
M1_string_29,'R-HSA-373755'
M1_string_30,'R-HSA-72163'
M1_string_31,'R-HSA-1980145'
M1_string_32,'R-HSA-1221632'
M1_string_33,'R-HSA-156588'
M1_string_34,'R-HSA-8980692'
M1_string_35,'R-HSA-1482788'
M1_string_36,'R-HSA-3108214'
M1_string_37,'R-HSA-6799198'
M1_string_38,'R-HSA-170660'
M1_string_39,'R-HSA-379724'
M1_string_41,'R-HSA-192105'
M1_string_42,'R-HSA-373080'
M1_string_43,'R-HSA-420029'
M1_string_44,'R-HSA-936837'
M1_string_45,'R-HSA-444473'
M1_string_46,'R-HSA-72187'
M1_string_47,'R-HSA-6811438'
M1_string_49,'R-HSA-3214847'
M1_string_50,'R-HSA-428542'
M1_string_51,'R-HSA-997272'
M1_string_53,'R-HSA-5620922'
M1_string_54,'R-HSA-204005'
M1_string_55,'R-HSA-156590'
M1_string_56,'R-HSA-5602358'
M1_string_57,'R-HSA-8874211'
M1_string_58,'R-HSA-112409'
M1_string_59,'R-HSA-5620916'
M1_string_61,'R-HSA-2564830'
M1_string_62,'R-HSA-202430'
M1_string_63,'R-HSA-389977'
M1_string_64,'R-HSA-901032'
M1_string_65,'R-HSA-6807878'
M1_string_66,'R-HSA-5467337'
M1_string_67,'R-HSA-3371378'
M1_string_68,'R-HSA-1592389'
M1_string_70,'R-HSA-3371453'
M1_string_71,'R-HSA-9033241'
M1_string_72,'R-HSA-400253'
M1_string_73,'R-HSA-9843745'
M1_string_74,'R-HSA-426117'
M1_string_75,'R-HSA-69236'
M1_string_76,'R-HSA-70263'
M1_string_77,'R-HSA-166208'
M1_string_79,'R-HSA-622312'
M1_string_80,'R-HSA-109704'
M1_string_81,'R-HSA-112308'
M1_string_85,'R-HSA-75035'
M1_string_86,'R-HSA-6802952'
M1_string_87,'R-HSA-15869'
M1_string_88,'R-HSA-201451'
M1_string_89,'R-HSA-156584'
M1_string_90,'R-HSA-68962'
M1_string_91,'R-HSA-388844'
M1_string_92,'R-HSA-70326'
M1_string_93,'R-HSA-6809371'
M1_string_94,'R-HSA-72163'
M1_string_95,'R-HSA-72163'
M1_string_96,'R-HSA-141424'
M1_string_97,'R-HSA-3000178'
M1_string_98,'R-HSA-75876'
M1_string_99,'R-HSA-168928'
M1_string_103,'R-HSA-2534343'
M1_string_105,'R-HSA-983189'
M1_string_106,'R-HSA-429947'
M1_string_107,'R-HSA-4641265'
M1_string_108,'R-HSA-3214815'
M1_string_109,'R-HSA-6811440'
M1_string_110,'R-HSA-6807505'
M1_string_111,'R-HSA-1650814'
M1_string_112,'R-HSA-5620924'
M1_string_114,'R-HSA-9690406'
M1_string_115,'R-HSA-77387'
M1_string_116,'R-HSA-525793'
M1_string_117,'R-HSA-3371599'
M1_string_121,'R-HSA-8852135'
M1_string_122,'R-HSA-9709570'
M1_string_124,'R-HSA-451927'
M1_string_125,'R-HSA-71403'
M1_string_126,'R-HSA-73894'
M1_string_127,'R-HSA-9617629'
M1_string_128,'R-HSA-2424491'
M1_string_129,'R-HSA-5663213'
M1_string_130,'R-HSA-76046'
M1_string_131,'R-HSA-1268020'
M1_string_132,'R-HSA-9603798'
M1_string_133,'R-HSA-9840310'
M1_string_134,'R-HSA-425407'
M1_string_135,'R-HSA-5083625'
M1_string_136,'R-HSA-73776'
M1_string_137,'R-HSA-6811436'
M1_string_138,'R-HSA-159227'
M1_string_140,'R-HSA-936837'
M1_string_141,'R-HSA-390522'
M1_string_142,'R-HSA-5676594'
M1_string_143,'R-HSA-112314'
M1_string_144,'R-HSA-202733'
M1_string_145,'R-HSA-9017802'
M1_string_146,'R-HSA-156902'
M1_string_147,'R-HSA-418594'
M1_string_148,'R-HSA-163210'
M1_string_149,'R-HSA-111453'
M1_string_150,'R-HSA-446353'
M1_string_151,'R-HSA-1480926'
M1_string_153,'R-HSA-75955'
M1_string_154,'R-HSA-216083'
M1_string_155,'R-HSA-450321'
M1_string_156,'R-HSA-430039'
M1_string_157,'R-HSA-5620912'
M1_string_158,'R-HSA-112126'
M1_string_159,'R-HSA-210991'
M1_string_161,'R-HSA-428157'
M1_string_162,'R-HSA-5693565'
M1_string_163,'R-HSA-3214847'
M1_string_164,'R-HSA-186763'
M1_string_165,'R-HSA-3928665'
M1_string_166,'R-HSA-390471'
M1_string_167,'R-HSA-4641262'
M1_string_168,'R-HSA-5624138'
M1_string_169,'R-HSA-9609523'
M1_string_170,'R-HSA-3000157'
M1_string_171,'R-HSA-5601884'
M1_string_172,'R-HSA-9619483'
M1_string_173,'R-HSA-2173789'
M1_string_174,'R-HSA-204174'
M1_string_175,'R-HSA-140834'
M1_string_176,'R-HSA-913709'
M1_string_177,'R-HSA-983168'
M1_string_178,'R-HSA-8949613'
M1_string_179,'R-HSA-191273'
M1_string_181,'R-HSA-110313'
M1_string_182,'R-HSA-8873719'
M1_string_183,'R-HSA-9010553'
M1_string_184,'R-HSA-1433617'
M1_string_185,'R-HSA-162710'
M1_string_188,'R-HSA-432047'
M1_string_190,'R-HSA-181429'
M1_string_191,'R-HSA-166665'
M1_string_192,'R-HSA-6794361'
M1_string_193,'R-HSA-6794361'
M1_string_194,'R-HSA-9639288'
M1_string_195,'R-HSA-9759218'
M1_string_196,'R-HSA-6784531'
M1_string_197,'R-HSA-1296072'
M1_string_198,'R-HSA-8873719'
M1_string_199,'R-HSA-381119'
M1_string_200,'R-HSA-4641263'
M1_string_202,'R-HSA-1679131'
M1_string_205,'R-HSA-8847993'
M1_string_206,'R-HSA-9754560'
M1_string_207,'R-HSA-9013106'
M1_string_209,'R-HSA-373076'
M1_string_210,'R-HSA-1462054'
M1_string_211,'R-HSA-909733'
M1_string_214,'R-HSA-774815'
M1_string_216,'R-HSA-70268'
M1_string_218,'R-HSA-167060'
M1_string_219,'R-HSA-389661'
M1_string_221,'R-HSA-5250968'
M1_string_223,'R-HSA-1474228'
M1_string_225,'R-HSA-445355'
M1_string_226,'R-HSA-380108'
M1_string_230,'R-HSA-72731'
M1_string_236,'R-HSA-373080'
M1_string_238,'R-HSA-5673001'
M1_string_240,'R-HSA-499943'
M1_string_242,'R-HSA-420597'
M1_string_243,'R-HSA-2468052'
M1_string_244,'R-HSA-73843'
M1_string_247,'R-HSA-375276'
M1_string_248,'R-HSA-5649702'
M1_string_249,'R-HSA-982772'
M1_string_250,'R-HSA-373076'
M1_string_251,'R-HSA-8949664'
M1_string_252,'R-HSA-193634'
M1_string_253,'R-HSA-3322077'
M1_string_254,'R-HSA-189200'
M1_string_255,'R-HSA-6803157'
M1_string_256,'R-HSA-8849932'
M1_string_257,'R-HSA-425393'
M1_string_258,'R-HSA-445095'
M1_string_259,'R-HSA-450321'
M1_string_261,'R-HSA-9629569'
M1_string_267,'R-HSA-70221'
M1_string_270,'R-HSA-6802953'
M1_string_271,'R-HSA-163560'
M1_string_272,'R-HSA-3214841'
M1_string_273,'R-HSA-350054'
M1_string_274,'R-HSA-8853659'
M1_string_279,'R-HSA-375281'
M1_string_280,'R-HSA-163765'
M1_string_281,'R-HSA-9840309'
M1_string_282,'R-HSA-5689880'
M1_string_287,'R-HSA-1296346'
M1_string_289,'R-HSA-1660661'
M1_string_290,'R-HSA-9758881'
M1_string_292,'R-HSA-3299685'
M1_string_293,'R-HSA-5620912'
M1_string_294,'R-HSA-5635838'
M1_string_296,'R-HSA-140342'
M1_string_302,'R-HSA-8866907'
M1_string_305,'R-HSA-2514853'
M1_string_306,'R-HSA-2022870'
M1_string_308,'R-HSA-5223345'
M1_string_312,'R-HSA-202433'
M1_string_313,'R-HSA-2129379'
M1_string_314,'R-HSA-198933'
M1_string_317,'R-HSA-196783'
M1_string_318,'R-HSA-1362300'
M1_string_320,'R-HSA-351202'
M1_string_328,'R-HSA-3000480'
M1_string_329,'R-HSA-5688890'
M1_string_330,'R-HSA-70263'
M1_string_331,'R-HSA-5576890'
M1_string_333,'R-HSA-381426'
M1_string_334,'R-HSA-383280'
M1_string_335,'R-HSA-71384'
M1_string_338,'R-HSA-444821'
M1_string_341,'R-HSA-4341670'
M1_string_342,'R-HSA-9013148'
M1_string_345,'R-HSA-139853'
M1_string_347,'R-HSA-2453902'
M1_string_350,'R-HSA-420092'
M1_string_358,'R-HSA-72200'
M1_string_362,'R-HSA-380259'
M1_string_363,'R-HSA-69236'
M1_string_364,'R-HSA-442720'
M1_string_365,'R-HSA-5668599'
M1_string_366,'R-HSA-73863'
M1_string_367,'R-HSA-5578775'
M1_string_368,'R-HSA-8957275'
M1_string_369,'R-HSA-3295583'
M1_string_371,'R-HSA-380095'
M1_string_377,'R-HSA-9012546'
M1_string_378,'R-HSA-425986'
M1_string_379,'R-HSA-71262'
M1_string_380,'R-HSA-1296061'
M1_string_382,'R-HSA-1475029'
M1_string_383,'R-HSA-390651'
M1_string_384,'R-HSA-5626467'
M1_string_385,'R-HSA-418890'
M1_string_387,'R-HSA-448424'
M1_string_392,'R-HSA-500792'
M1_string_393,'R-HSA-1614603'
M1_string_395,'R-HSA-5221030'
M1_string_397,'R-HSA-5669034'
M1_string_398,'R-HSA-400511'
M1_string_404,'R-HSA-5676934'
M1_string_406,'R-HSA-5693565'
M1_string_408,'R-HSA-191859'
M1_string_412,'R-HSA-8874081'
M1_string_416,'R-HSA-5683826'
M1_string_419,'R-HSA-2453902'
M1_string_423,'R-HSA-2672351'
M1_string_425,'R-HSA-69205'
M1_string_433,'R-HSA-6804757'
M1_string_434,'R-HSA-156842'
M1_string_435,'R-HSA-9755779'
M1_string_436,'R-HSA-9013407'
M1_string_437,'R-HSA-3000157'
M1_string_438,'R-HSA-975871'
M1_string_441,'R-HSA-446205'
M1_string_444,'R-HSA-5661231'
M1_string_445,'R-HSA-1461957'
M1_string_447,'R-HSA-5358493'
M1_string_448,'R-HSA-163680'
M1_string_451,'R-HSA-9733458'
M1_string_459,'R-HSA-388841'
M1_string_462,'R-HSA-8953750'
M1_string_463,'R-HSA-72165'
M1_string_464,'R-HSA-380108'
M1_string_465,'R-HSA-9707564'
M1_string_468,'R-HSA-427975'
M1_string_469,'R-HSA-5689877'
M1_string_473,'R-HSA-442380'
M1_string_475,'R-HSA-2514859'
M1_string_478,'R-HSA-1369062'
M1_string_480,'R-HSA-5083627'
M1_string_485,'R-HSA-380108'
M1_string_488,'R-HSA-389397'
M1_string_490,'R-HSA-6809371'
M1_string_492,'R-HSA-8939243'
M1_string_493,'R-HSA-5339700'
M1_string_494,'R-HSA-171319'
M1_string_495,'R-HSA-9026527'
M1_string_497,'R-HSA-171319'
M1_string_499,'R-HSA-211897'
M1_string_500,'R-HSA-420499'
M1_string_505,'R-HSA-380108'
M1_string_510,'R-HSA-9031628'
M1_string_525,'R-HSA-3214847'
M1_string_527,'R-HSA-419812'
M1_string_529,'R-HSA-8949664'
M1_string_530,'R-HSA-111932'
M1_string_534,'R-HSA-167826'
M1_string_539,'R-HSA-389397'
M1_string_544,'R-HSA-72163'
M1_string_545,'R-HSA-975957'
M1_string_547,'R-HSA-380108'
M1_string_548,'R-HSA-380108'
M1_string_551,'R-HSA-75205'
M1_string_560,'R-HSA-901032'
M1_string_564,'R-HSA-2151201'
M1_string_568,'R-HSA-199920'
M1_string_571,'R-HSA-6811440'
M1_string_577,'R-HSA-8876198'
M1_string_582,'R-HSA-375276'
M1_string_590,'R-HSA-187706'
M1_string_599,'R-HSA-5334118'
M1_string_600,'R-HSA-5684264'
M1_string_605,'R-HSA-210993'
M1_string_610,'R-HSA-388479'
M1_string_629,'R-HSA-420499'
M1_string_630,'R-HSA-375276'
M1_string_631,'R-HSA-6809371'
M1_string_635,'R-HSA-2892245'
M1_string_636,'R-HSA-110362'
M1_string_637,'R-HSA-4615885'
M1_string_638,'R-HSA-212300'
M1_string_639,'R-HSA-429958'
M1_string_642,'R-HSA-6814122'
M1_string_646,'R-HSA-8956321'
M1_string_649,'R-HSA-9673221'
M1_string_663,'R-HSA-373080'
M1_string_668,'R-HSA-442380'
M1_string_680,'R-HSA-2559584'
M1_string_681,'R-HSA-140342'
M1_string_690,'R-HSA-72163'
M1_string_694,'R-HSA-5694530'
M1_string_700,'R-HSA-3000170'
M1_string_702,'R-HSA-2672351'
M1_string_712,'R-HSA-9758890'
M1_string_714,'R-HSA-419408'
M1_string_728,'R-HSA-2142700'
M1_string_730,'R-HSA-391906'
M1_string_732,'R-HSA-5621480'
M1_string_738,'R-HSA-3214842'
M1_string_741,'R-HSA-381183'
M1_string_742,'R-HSA-2173795'
M1_string_745,'R-HSA-379716'
M1_string_748,'R-HSA-9703465'
M1_string_749,'R-HSA-373753'
M1_string_758,'R-HSA-72163'
M1_string_759,'R-HSA-77588'
M1_string_762,'R-HSA-420092'
M1_string_767,'R-HSA-6781823'
M1_string_769,'R-HSA-201556'
M1_string_771,'R-HSA-2243919'
R1_cpdb_1,'R-HSA-1663150'
R1_cpdb_2,'R-HSA-1296065'
R1_cpdb_3,'R-HSA-3371599'
R1_cpdb_4,'R-HSA-5696395'
R1_cpdb_5,'R-HSA-75953'
R1_cpdb_7,'R-HSA-3238698'
R1_cpdb_8,'R-HSA-181429'
R1_cpdb_9,'R-HSA-9006335'
R1_cpdb_10,'R-HSA-9013409'
R1_cpdb_11,'R-HSA-6783589'
R1_cpdb_12,'R-HSA-392170'
R1_cpdb_13,'R-HSA-2485179'
R1_cpdb_14,'R-HSA-380259'
R1_cpdb_15,'R-HSA-174430'
R1_cpdb_18,'R-HSA-3065678'
R1_cpdb_19,'R-HSA-983168'
R1_cpdb_20,'R-HSA-9701190'
R1_cpdb_22,'R-HSA-420597'
R1_cpdb_24,'R-HSA-176187'
R1_cpdb_25,'R-HSA-9022537'
R1_cpdb_26,'R-HSA-6783310'
R1_cpdb_27,'R-HSA-5649702'
R1_cpdb_30,'R-HSA-77595'
R1_cpdb_32,'R-HSA-186712'
R1_cpdb_33,'R-HSA-72163'
R1_cpdb_34,'R-HSA-9006936'
R1_cpdb_36,'R-HSA-210993'
R1_cpdb_37,'R-HSA-209952'
R1_cpdb_38,'R-HSA-111453'
R1_cpdb_39,'R-HSA-5625900'
R1_cpdb_42,'R-HSA-8980692'
R1_cpdb_43,'R-HSA-8873719'
R1_cpdb_44,'R-HSA-141444'
R1_cpdb_46,'R-HSA-9754560'
R1_cpdb_48,'R-HSA-171319'
R1_cpdb_49,'R-HSA-5358508'
R1_cpdb_50,'R-HSA-156588'
R1_cpdb_51,'R-HSA-3214847'
R1_cpdb_53,'R-HSA-8939243'
R1_cpdb_54,'R-HSA-9772755'
R1_cpdb_55,'R-HSA-3238698'
R1_cpdb_57,'R-HSA-9661069'
R1_cpdb_58,'R-HSA-3214815'
R1_cpdb_59,'R-HSA-381340'
R1_cpdb_60,'R-HSA-418890'
R1_cpdb_62,'R-HSA-933542'
R1_cpdb_63,'R-HSA-72731'
R1_cpdb_64,'R-HSA-1362300'
R1_cpdb_65,'R-HSA-71403'
R1_cpdb_66,'R-HSA-1236978'
R1_cpdb_68,'R-HSA-198693'
R1_cpdb_70,'R-HSA-112382'
R1_cpdb_71,'R-HSA-9705462'
R1_cpdb_74,'R-HSA-77387'
R1_cpdb_75,'R-HSA-112314'
R1_cpdb_76,'R-HSA-171306'
R1_cpdb_77,'R-HSA-5669034'
R1_cpdb_79,'R-HSA-75158'
R1_cpdb_83,'R-HSA-983168'
R1_cpdb_85,'R-HSA-216083'
R1_cpdb_86,'R-HSA-380108'
R1_cpdb_87,'R-HSA-166662'
R1_cpdb_89,'R-HSA-375281'
R1_cpdb_91,'R-HSA-194306'
R1_cpdb_92,'R-HSA-2206281'
R1_cpdb_94,'R-HSA-76066'
R1_cpdb_95,'R-HSA-180746'
R1_cpdb_98,'R-HSA-9673221'
R1_cpdb_100,'R-HSA-168898'
R1_cpdb_103,'R-HSA-71403'
R1_cpdb_104,'R-HSA-9603798'
R1_cpdb_106,'R-HSA-375280'
R1_cpdb_108,'R-HSA-975871'
R1_cpdb_109,'R-HSA-5663213'
R1_cpdb_111,'R-HSA-5663213'
R1_cpdb_112,'R-HSA-162710'
R1_cpdb_113,'R-HSA-5627117'
R1_cpdb_117,'R-HSA-512988'
R1_cpdb_119,'R-HSA-447043'
R1_cpdb_121,'R-HSA-428542'
R1_cpdb_123,'R-HSA-1566948'
R1_cpdb_124,'R-HSA-140875'
R1_cpdb_125,'R-HSA-112308'
R1_cpdb_130,'R-HSA-8963899'
R1_cpdb_131,'R-HSA-8964026'
R1_cpdb_132,'R-HSA-9617324'
R1_cpdb_133,'R-HSA-6794361'
R1_cpdb_134,'R-HSA-416993'
R1_cpdb_135,'R-HSA-8854691'
R1_cpdb_136,'R-HSA-163282'
R1_cpdb_138,'R-HSA-3214847'
R1_cpdb_140,'R-HSA-8951664'
R1_cpdb_145,'R-HSA-380972'
R1_cpdb_147,'R-HSA-8874211'
R1_cpdb_149,'R-HSA-1369007'
R1_cpdb_150,'R-HSA-425366'
R1_cpdb_151,'R-HSA-877300'
R1_cpdb_152,'R-HSA-9840310'
R1_cpdb_153,'R-HSA-9017802'
R1_cpdb_154,'R-HSA-9680350'
R1_cpdb_155,'R-HSA-3299685'
R1_cpdb_156,'R-HSA-1632852'
R1_cpdb_159,'R-HSA-5696394'
R1_cpdb_161,'R-HSA-163560'
R1_cpdb_162,'R-HSA-166665'
R1_cpdb_163,'R-HSA-9010642'
R1_cpdb_164,'R-HSA-5632681'
R1_cpdb_165,'R-HSA-162710'
R1_cpdb_166,'R-HSA-166208'
R1_cpdb_167,'R-HSA-163210'
R1_cpdb_169,'R-HSA-6811434'
R1_cpdb_170,'R-HSA-199992'
R1_cpdb_171,'R-HSA-432722'
R1_cpdb_172,'R-HSA-190861'
R1_cpdb_173,'R-HSA-420029'
R1_cpdb_174,'R-HSA-1793185'
R1_cpdb_176,'R-HSA-1433557'
R1_cpdb_177,'R-HSA-421270'
R1_cpdb_178,'R-HSA-447115'
R1_cpdb_179,'R-HSA-9020933'
R1_cpdb_180,'R-HSA-391160'
R1_cpdb_181,'R-HSA-72702'
R1_cpdb_182,'R-HSA-445095'
R1_cpdb_183,'R-HSA-9013973'
R1_cpdb_184,'R-HSA-350054'
R1_cpdb_185,'R-HSA-72163'
R1_cpdb_186,'R-HSA-8957275'
R1_cpdb_187,'R-HSA-140834'
R1_cpdb_188,'R-HSA-1592389'
R1_cpdb_189,'R-HSA-1474244'
R1_cpdb_190,'R-HSA-186763'
R1_cpdb_191,'R-HSA-166658'
R1_cpdb_193,'R-HSA-4839744'
R1_cpdb_194,'R-HSA-5675482'
R1_cpdb_195,'R-HSA-9660537'
R1_cpdb_200,'R-HSA-73817'
R1_cpdb_201,'R-HSA-390522'
R1_cpdb_202,'R-HSA-446353'
R1_cpdb_203,'R-HSA-5668599'
R1_cpdb_204,'R-HSA-5620916'
R1_cpdb_205,'R-HSA-383280'
R1_cpdb_206,'R-HSA-3000157'
R1_cpdb_207,'R-HSA-211976'
R1_cpdb_208,'R-HSA-72163'
R1_cpdb_209,'R-HSA-1632852'
R1_cpdb_210,'R-HSA-176407'
R1_cpdb_212,'R-HSA-77387'
R1_cpdb_215,'R-HSA-917729'
R1_cpdb_216,'R-HSA-5625970'
R1_cpdb_217,'R-HSA-182971'
R1_cpdb_219,'R-HSA-5368287'
R1_cpdb_221,'R-HSA-140875'
R1_cpdb_222,'R-HSA-379716'
R1_cpdb_223,'R-HSA-5578775'
R1_cpdb_227,'R-HSA-70263'
R1_cpdb_228,'R-HSA-3000178'
R1_cpdb_229,'R-HSA-8943724'
R1_cpdb_230,'R-HSA-6790901'
R1_cpdb_231,'R-HSA-1650814'
R1_cpdb_232,'R-HSA-6809371'
R1_cpdb_233,'R-HSA-6811436'
R1_cpdb_235,'R-HSA-4719377'
R1_cpdb_238,'R-HSA-430039'
R1_cpdb_240,'R-HSA-383280'
R1_cpdb_241,'R-HSA-9634600'
R1_cpdb_243,'R-HSA-5339700'
R1_cpdb_244,'R-HSA-72163'
R1_cpdb_245,'R-HSA-112307'
R1_cpdb_246,'R-HSA-72172'
R1_cpdb_248,'R-HSA-204174'
R1_cpdb_250,'R-HSA-204005'
R1_cpdb_251,'R-HSA-6805567'
R1_cpdb_252,'R-HSA-174417'
R1_cpdb_253,'R-HSA-2468052'
R1_cpdb_254,'R-HSA-5617833'
R1_cpdb_257,'R-HSA-6809371'
R1_cpdb_258,'R-HSA-6790901'
R1_cpdb_261,'R-HSA-6811436'
R1_cpdb_262,'R-HSA-73780'
R1_cpdb_263,'R-HSA-211897'
R1_cpdb_264,'R-HSA-611105'
R1_cpdb_267,'R-HSA-3928663'
R1_cpdb_268,'R-HSA-373076'
R1_cpdb_269,'R-HSA-450520'
R1_cpdb_270,'R-HSA-3928665'
R1_cpdb_271,'R-HSA-9006934'
R1_cpdb_272,'R-HSA-5688890'
R1_cpdb_273,'R-HSA-3000170'
R1_cpdb_274,'R-HSA-774815'
R1_cpdb_276,'R-HSA-190840'
R1_cpdb_277,'R-HSA-9652817'
R1_cpdb_278,'R-HSA-3000178'
R1_cpdb_280,'R-HSA-390450'
R1_cpdb_281,'R-HSA-1592389'
R1_cpdb_282,'R-HSA-210500'
R1_cpdb_283,'R-HSA-5617833'
R1_cpdb_284,'R-HSA-1660514'
R1_cpdb_288,'R-HSA-445095'
R1_cpdb_290,'R-HSA-141444'
R1_cpdb_291,'R-HSA-182218'
R1_cpdb_292,'R-HSA-380259'
R1_cpdb_293,'R-HSA-9609736'
R1_cpdb_295,'R-HSA-392518'
R1_cpdb_296,'R-HSA-194441'
R1_cpdb_297,'R-HSA-6794361'
R1_cpdb_298,'R-HSA-5663220'
R1_cpdb_299,'R-HSA-2408550'
R1_cpdb_304,'R-HSA-72187'
R1_cpdb_305,'R-HSA-917729'
R1_cpdb_306,'R-HSA-159227'
R1_cpdb_308,'R-HSA-5576891'
R1_cpdb_312,'R-HSA-192823'
R1_cpdb_313,'R-HSA-2995383'
R1_cpdb_314,'R-HSA-380284'
R1_cpdb_316,'R-HSA-381119'
R1_cpdb_318,'R-HSA-5389840'
R1_cpdb_319,'R-HSA-5625900'
R1_cpdb_320,'R-HSA-75876'
R1_cpdb_321,'R-HSA-3595177'
R1_cpdb_323,'R-HSA-5620924'
R1_cpdb_324,'R-HSA-390918'
R1_cpdb_325,'R-HSA-6811440'
R1_cpdb_326,'R-HSA-429958'
R1_cpdb_327,'R-HSA-71336'
R1_cpdb_328,'R-HSA-1566948'
R1_cpdb_329,'R-HSA-997272'
R1_cpdb_330,'R-HSA-9033241'
R1_cpdb_331,'R-HSA-379726'
R1_cpdb_335,'R-HSA-1660661'
R1_cpdb_338,'R-HSA-1566977'
R1_cpdb_340,'R-HSA-9603798'
R1_cpdb_341,'R-HSA-380270'
R1_cpdb_343,'R-HSA-5620922'
R1_cpdb_345,'R-HSA-211945'
R1_cpdb_346,'R-HSA-2129379'
R1_cpdb_347,'R-HSA-8949215'
R1_cpdb_348,'R-HSA-168799'
R1_cpdb_349,'R-HSA-111885'
R1_cpdb_352,'R-HSA-948021'
R1_cpdb_353,'R-HSA-432720'
R1_cpdb_355,'R-HSA-449836'
R1_cpdb_358,'R-HSA-8964208'
R1_cpdb_359,'R-HSA-112310'
R1_cpdb_364,'R-HSA-1474244'
R1_cpdb_365,'R-HSA-9662361'
R1_cpdb_368,'R-HSA-622323'
R1_cpdb_371,'R-HSA-1296072'
R1_cpdb_373,'R-HSA-912694'
R1_cpdb_375,'R-HSA-1296061'
R1_cpdb_377,'R-HSA-211979'
R1_humanbase_17,'R-HSA-9033500'
R1_humanbase_20,'R-HSA-8963898'
R1_humanbase_73,'R-HSA-390696'
R1_humanbase_75,'R-HSA-111932'
R1_humanbase_86,'R-HSA-8963898'
R1_humanbase_98,'R-HSA-390651'
R1_humanbase_164,'R-HSA-2424491'
R1_humanbase_167,'R-HSA-2142850'
R1_humanbase_182,'R-HSA-3371568'
R1_humanbase_209,'R-HSA-5658623'
R1_humanbase_224,'R-HSA-8939242'
R1_humanbase_290,'R-HSA-8874081'
R1_humanbase_352,'R-HSA-9028335'
R1_humanbase_368,'R-HSA-112382'
R1_string_1,'R-HSA-3371568'
R1_string_3,'R-HSA-9662361'
R1_string_4,'R-HSA-5620916'
R1_string_5,'R-HSA-5368598'
R1_string_8,'R-HSA-3000157'
R1_string_9,'R-HSA-400253'
R1_string_11,'R-HSA-6802953'
R1_string_12,'R-HSA-6783310'
R1_string_14,'R-HSA-3769402'
R1_string_16,'R-HSA-193697'
R1_string_17,'R-HSA-1236978'
R1_string_18,'R-HSA-202433'
R1_string_19,'R-HSA-5676594'
R1_string_20,'R-HSA-5368286'
R1_string_21,'R-HSA-6811440'
R1_string_22,'R-HSA-176187'
R1_string_23,'R-HSA-6809371'
R1_string_24,'R-HSA-428930'
R1_string_25,'R-HSA-9022537'
R1_string_26,'R-HSA-5576893'
R1_string_27,'R-HSA-72163'
R1_string_28,'R-HSA-901032'
R1_string_29,'R-HSA-5668599'
R1_string_30,'R-HSA-216083'
R1_string_31,'R-HSA-8939243'
R1_string_32,'R-HSA-5676594'
R1_string_33,'R-HSA-4839748'
R1_string_34,'R-HSA-1810476'
R1_string_35,'R-HSA-201451'
R1_string_36,'R-HSA-3928663'
R1_string_37,'R-HSA-141405'
R1_string_38,'R-HSA-6785470'
R1_string_39,'R-HSA-3000157'
R1_string_40,'R-HSA-1268020'
R1_string_41,'R-HSA-9013420'
R1_string_42,'R-HSA-418886'
R1_string_43,'R-HSA-198765'
R1_string_44,'R-HSA-1483255'
R1_string_45,'R-HSA-75955'
R1_string_46,'R-HSA-6799198'
R1_string_47,'R-HSA-5620924'
R1_string_48,'R-HSA-380972'
R1_string_49,'R-HSA-73780'
R1_string_50,'R-HSA-5368286'
R1_string_51,'R-HSA-6811434'
R1_string_52,'R-HSA-2173788'
R1_string_53,'R-HSA-169893'
R1_string_54,'R-HSA-912526'
R1_string_56,'R-HSA-446353'
R1_string_57,'R-HSA-1592389'
R1_string_58,'R-HSA-389661'
R1_string_60,'R-HSA-380259'
R1_string_61,'R-HSA-6782315'
R1_string_62,'R-HSA-68962'
R1_string_63,'R-HSA-8953750'
R1_string_64,'R-HSA-114608'
R1_string_65,'R-HSA-9614085'
R1_string_66,'R-HSA-2173789'
R1_string_67,'R-HSA-212676'
R1_string_68,'R-HSA-163210'
R1_string_69,'R-HSA-1268020'
R1_string_70,'R-HSA-983168'
R1_string_72,'R-HSA-216083'
R1_string_73,'R-HSA-451308'
R1_string_74,'R-HSA-140875'
R1_string_77,'R-HSA-6783589'
R1_string_78,'R-HSA-72172'
R1_string_79,'R-HSA-912694'
R1_string_80,'R-HSA-5674499'
R1_string_81,'R-HSA-9753512'
R1_string_82,'R-HSA-5693554'
R1_string_83,'R-HSA-1268020'
R1_string_85,'R-HSA-212300'
R1_string_86,'R-HSA-111453'
R1_string_87,'R-HSA-4655427'
R1_string_88,'R-HSA-171007'
R1_string_89,'R-HSA-75205'
R1_string_90,'R-HSA-72737'
R1_string_91,'R-HSA-9020558'
R1_string_92,'R-HSA-8951664'
R1_string_93,'R-HSA-381183'
R1_string_94,'R-HSA-3214847'
R1_string_95,'R-HSA-75158'
R1_string_96,'R-HSA-77595'
R1_string_97,'R-HSA-76071'
R1_string_98,'R-HSA-75955'
R1_string_99,'R-HSA-3769402'
R1_string_100,'R-HSA-164938'
R1_string_101,'R-HSA-69166'
R1_string_102,'R-HSA-210993'
R1_string_103,'R-HSA-77387'
R1_string_104,'R-HSA-162710'
R1_string_105,'R-HSA-1660661'
R1_string_106,'R-HSA-110381'
R1_string_108,'R-HSA-4615885'
R1_string_109,'R-HSA-156711'
R1_string_110,'R-HSA-2892247'
R1_string_111,'R-HSA-111459'
R1_string_112,'R-HSA-156842'
R1_string_113,'R-HSA-917729'
R1_string_114,'R-HSA-162791'
R1_string_115,'R-HSA-71403'
R1_string_116,'R-HSA-2470946'
R1_string_117,'R-HSA-9651496'
R1_string_118,'R-HSA-5624138'
R1_string_119,'R-HSA-168255'
R1_string_121,'R-HSA-9013026'
R1_string_122,'R-HSA-75035'
R1_string_124,'R-HSA-622312'
R1_string_125,'R-HSA-72172'
R1_string_126,'R-HSA-9754560'
R1_string_127,'R-HSA-606279'
R1_string_129,'R-HSA-426486'
R1_string_130,'R-HSA-73863'
R1_string_131,'R-HSA-168638'
R1_string_132,'R-HSA-75205'
R1_string_134,'R-HSA-6811436'
R1_string_135,'R-HSA-4839744'
R1_string_137,'R-HSA-429958'
R1_string_138,'R-HSA-72163'
R1_string_141,'R-HSA-9609523'
R1_string_142,'R-HSA-6790901'
R1_string_143,'R-HSA-447115'
R1_string_144,'R-HSA-388841'
R1_string_145,'R-HSA-198203'
R1_string_146,'R-HSA-195253'
R1_string_148,'R-HSA-199977'
R1_string_149,'R-HSA-5663213'
R1_string_150,'R-HSA-5685938'
R1_string_152,'R-HSA-166665'
R1_string_153,'R-HSA-8949215'
R1_string_154,'R-HSA-373080'
R1_string_155,'R-HSA-166208'
R1_string_156,'R-HSA-380108'
R1_string_157,'R-HSA-140837'
R1_string_158,'R-HSA-9843745'
R1_string_159,'R-HSA-442720'
R1_string_161,'R-HSA-167162'
R1_string_162,'R-HSA-5578775'
R1_string_164,'R-HSA-171319'
R1_string_165,'R-HSA-8939236'
R1_string_167,'R-HSA-168898'
R1_string_168,'R-HSA-9659787'
R1_string_169,'R-HSA-8854691'
R1_string_170,'R-HSA-5632684'
R1_string_172,'R-HSA-9639288'
R1_string_173,'R-HSA-5663213'
R1_string_174,'R-HSA-190322'
R1_string_175,'R-HSA-9013408'
R1_string_176,'R-HSA-877312'
R1_string_177,'R-HSA-9615933'
R1_string_178,'R-HSA-6804115'
R1_string_179,'R-HSA-9683683'
R1_string_180,'R-HSA-9613354'
R1_string_182,'R-HSA-72163'
R1_string_183,'R-HSA-73728'
R1_string_184,'R-HSA-6783310'
R1_string_186,'R-HSA-1660517'
R1_string_188,'R-HSA-1250342'
R1_string_189,'R-HSA-912526'
R1_string_190,'R-HSA-168271'
R1_string_191,'R-HSA-5423599'
R1_string_192,'R-HSA-182971'
R1_string_193,'R-HSA-9639288'
R1_string_194,'R-HSA-390522'
R1_string_195,'R-HSA-8964026'
R1_string_196,'R-HSA-381426'
R1_string_197,'R-HSA-5602498'
R1_string_198,'R-HSA-446652'
R1_string_200,'R-HSA-9733709'
R1_string_201,'R-HSA-216083'
R1_string_202,'R-HSA-9609736'
R1_string_203,'R-HSA-8943724'
R1_string_204,'R-HSA-416476'
R1_string_205,'R-HSA-1650814'
R1_string_206,'R-HSA-2474795'
R1_string_207,'R-HSA-2033514'
R1_string_208,'R-HSA-5620924'
R1_string_211,'R-HSA-2172127'
R1_string_212,'R-HSA-1296025'
R1_string_215,'R-HSA-9033241'
R1_string_217,'R-HSA-428542'
R1_string_218,'R-HSA-8937144'
R1_string_219,'R-HSA-5620922'
R1_string_220,'R-HSA-419812'
R1_string_221,'R-HSA-8856825'
R1_string_223,'R-HSA-159236'
R1_string_226,'R-HSA-9020958'
R1_string_227,'R-HSA-9031628'
R1_string_228,'R-HSA-5620912'
R1_string_229,'R-HSA-375276'
R1_string_230,'R-HSA-448424'
R1_string_231,'R-HSA-5638302'
R1_string_232,'R-HSA-5601884'
R1_string_234,'R-HSA-5668541'
R1_string_236,'R-HSA-390450'
R1_string_238,'R-HSA-8862803'
R1_string_239,'R-HSA-3215018'
R1_string_241,'R-HSA-163765'
R1_string_242,'R-HSA-166658'
R1_string_244,'R-HSA-983170'
R1_string_245,'R-HSA-8876198'
R1_string_246,'R-HSA-190840'
R1_string_247,'R-HSA-392170'
R1_string_249,'R-HSA-380270'
R1_string_250,'R-HSA-1980145'
R1_string_251,'R-HSA-6811434'
R1_string_254,'R-HSA-5620916'
R1_string_255,'R-HSA-2672351'
R1_string_257,'R-HSA-499943'
R1_string_258,'R-HSA-174490'
R1_string_259,'R-HSA-72172'
R1_string_260,'R-HSA-420597'
R1_string_261,'R-HSA-430039'
R1_string_262,'R-HSA-8853659'
R1_string_263,'R-HSA-8951664'
R1_string_264,'R-HSA-8951671'
R1_string_265,'R-HSA-9031525'
R1_string_266,'R-HSA-9026527'
R1_string_267,'R-HSA-9843745'
R1_string_270,'R-HSA-174430'
R1_string_273,'R-HSA-2485179'
R1_string_276,'R-HSA-1483255'
R1_string_278,'R-HSA-9705462'
R1_string_279,'R-HSA-4420097'
R1_string_280,'R-HSA-3359462'
R1_string_281,'R-HSA-399955'
R1_string_282,'R-HSA-201681'
R1_string_285,'R-HSA-6811436'
R1_string_287,'R-HSA-5669034'
R1_string_288,'R-HSA-6811438'
R1_string_289,'R-HSA-5689901'
R1_string_291,'R-HSA-5223345'
R1_string_293,'R-HSA-5579026'
R1_string_294,'R-HSA-9645460'
R1_string_297,'R-HSA-6807505'
R1_string_298,'R-HSA-3772470'
R1_string_299,'R-HSA-2995383'
R1_string_301,'R-HSA-141444'
R1_string_302,'R-HSA-210991'
R1_string_303,'R-HSA-389359'
R1_string_304,'R-HSA-9705677'
R1_string_305,'R-HSA-389957'
R1_string_306,'R-HSA-6814122'
R1_string_307,'R-HSA-9017802'
R1_string_308,'R-HSA-112126'
R1_string_309,'R-HSA-5620916'
R1_string_310,'R-HSA-194313'
R1_string_312,'R-HSA-264876'
R1_string_313,'R-HSA-1362300'
R1_string_314,'R-HSA-420092'
R1_string_315,'R-HSA-9917777'
R1_string_316,'R-HSA-3214847'
R1_string_317,'R-HSA-936440'
R1_string_318,'R-HSA-418890'
R1_string_319,'R-HSA-445095'
R1_string_320,'R-HSA-2219530'
R1_string_321,'R-HSA-8939245'
R1_string_322,'R-HSA-447043'
R1_string_324,'R-HSA-5632681'
R1_string_326,'R-HSA-381119'
R1_string_327,'R-HSA-9012546'
R1_string_328,'R-HSA-5682910'
R1_string_329,'R-HSA-5696394'
R1_string_330,'R-HSA-9639288'
R1_string_331,'R-HSA-194313'
R1_string_332,'R-HSA-5620924'
R1_string_334,'R-HSA-8866654'
R1_string_335,'R-HSA-71403'
R1_string_336,'R-HSA-202430'
R1_string_339,'R-HSA-168142'
R1_string_340,'R-HSA-373753'
R1_string_341,'R-HSA-9665686'
R1_string_342,'R-HSA-416700'
R1_string_343,'R-HSA-6794361'
R1_string_347,'R-HSA-9820865'
R1_string_349,'R-HSA-1632852'
R1_string_350,'R-HSA-4641263'
R1_string_353,'R-HSA-380284'
R1_string_354,'R-HSA-9707616'
R1_string_355,'R-HSA-5619507'
R1_string_356,'R-HSA-917937'
R1_string_357,'R-HSA-373080'
R1_string_358,'R-HSA-9012999'
R1_string_361,'R-HSA-399710'
R1_string_362,'R-HSA-977606'
R1_string_363,'R-HSA-5693565'
R1_string_365,'R-HSA-5696394'
R1_string_366,'R-HSA-5620912'
R1_string_367,'R-HSA-141444'
R1_string_369,'R-HSA-373080'
R1_string_371,'R-HSA-6784531'
R1_string_373,'R-HSA-380108'
R1_string_374,'R-HSA-3108214'
R1_string_376,'R-HSA-9013148'
R1_string_378,'R-HSA-166662'
R1_string_379,'R-HSA-5578775'
R1_string_380,'R-HSA-420092'
R1_string_382,'R-HSA-416476'
R1_string_384,'R-HSA-5668541'
R1_string_385,'R-HSA-3000178'
R1_string_387,'R-HSA-9730628'
R1_string_388,'R-HSA-8951664'
R1_string_389,'R-HSA-380095'
R1_string_390,'R-HSA-6782315'
R1_string_392,'R-HSA-5607763'
R1_string_393,'R-HSA-416572'
R1_string_395,'R-HSA-162658'
R1_string_396,'R-HSA-5620912'
R1_string_397,'R-HSA-444473'
R1_string_400,'R-HSA-6811434'
R1_string_402,'R-HSA-111932'
R1_string_404,'R-HSA-5576894'
R1_string_405,'R-HSA-141444'
R1_string_407,'R-HSA-4717374'
R1_string_409,'R-HSA-8949664'
R1_string_413,'R-HSA-420499'
R1_string_417,'R-HSA-163680'
R1_string_421,'R-HSA-8856825'
R1_string_422,'R-HSA-445095'
R1_string_425,'R-HSA-163282'
R1_string_427,'R-HSA-428540'
R1_string_429,'R-HSA-204005'
R1_string_430,'R-HSA-388844'
R1_string_431,'R-HSA-1296072'
R1_string_433,'R-HSA-2534343'
R1_string_435,'R-HSA-375281'
